-0.2,0.2,0.0,0.0,0.0,0.0,0.03772239987828868,0.03772239987828868,-0.07544479975657736,0.0005964875013668536,0.0005964875013668536,-0.0011929750027337071
-0.19981126300060856,0.20018848699939146,-0.0003772239987828868,2.982437506834268e-06,2.982437506834268e-06,-5.964875013668536e-06,0.037772513558964646,0.037672512536058335,-0.07544502609502297,0.0005964865989966669,0.0005964866141852445,-0.0011929732131819113
-0.19962227486441037,0.20037672512536062,-0.0007544502609502298,5.964865989966668e-06,5.964866141852445e-06,-1.1929732131819112e-05,0.03782285563682214,0.03762284949917548,-0.07544570513599762,0.0005964838764296171,0.0005964839675664734,-0.0011929678439960905
-0.19943303444424035,0.20056471549438326,-0.001131681050142863,8.94727627113044e-06,8.947277182499004e-06,-1.789455345362944e-05,0.037873428196656636,0.03757340875976629,-0.07544683695642292,0.0005964793024792962,0.0005964795911053971,-0.0011929588935846933
-0.1992435405824438,0.2007524592129583,-0.0015089186305144592,1.192965901475963e-05,1.1929662052906416e-05,-2.3859321067666045e-05,0.03792423334975347,0.037524188334775894,-0.07544842168452937,0.0005964728454067856,0.0005964735138875045,-0.00119294635929429
-0.1990537921107428,0.20093995737773102,-0.0018861652669881566,1.4912004725198293e-05,1.491201232137405e-05,-2.9824017046572342e-05,0.03797527323432689,0.03747518626557101,-0.0754504594998979,0.0005964644729092219,0.0005964657644990868,-0.0011929302374083085
-0.19886378785010053,0.20112721107561402,-0.002263423225513438,1.7894303743851846e-05,1.7894319697897287e-05,-3.578862344174913e-05,0.038026550015968004,0.037426400617550246,-0.07545295063351824,0.0005964541521080874,0.0005964563710371736,-0.001192910523145261
-0.19867352661058313,0.20131422138390648,-0.0026406947733233392,2.0876546246279168e-05,2.0876576031745786e-05,-4.175312227802495e-05,0.03807806588810191,0.03737782947976204,-0.07545589536786394,0.000596441849537219,0.000596445361119243,-0.001192887210656462
-0.19848300719121953,0.2015009893704116,-0.0030179821791920776,2.3858722239224042e-05,2.3858773309089718e-05,-4.7717495548313746e-05,0.038129823072454196,0.03732947096453,-0.07545929403698419,0.0005964275311305274,0.0005964327618927087,-0.0011928602930232361
-0.1982922283798586,0.2016875160935518,-0.0033952877136931812,2.684082155758444e-05,2.6840903650672872e-05,-5.3681725208257314e-05,0.03818182381952701,0.03728132320708545,-0.07546314702661246,0.0005964111622094192,0.0005964186000441929,-0.001192829762253612
-0.19810118895302425,0.2018738026024825,-0.0037726136494582022,2.9822833861318235e-05,2.9822959309531646e-05,-5.964579317084988e-05,0.038234070409085025,0.037233384365207046,-0.07546745477429206,0.0005963927074699127,0.0005964029018085885,-0.0011927956092785013
-0.19790988767576775,0.20205984993720388,-0.004149962261436101,3.280474863228357e-05,3.280493266875876e-05,-6.560968130104233e-05,0.03828656515065144,0.03718565261886731,-0.07547221776951873,0.0005963721309694392,0.0005963856929779171,-0.0011927578239473565
-0.19771832330151773,0.20224565912867115,-0.00452733582715339,3.578655517101262e-05,3.578681623931082e-05,-7.157337141032344e-05,0.0383393103840143,0.037138126169885904,-0.0754774365539002,0.0005963493961133218,0.0005963669989099876,-0.0011927163950233096
-0.1975264945719276,0.20243123119890272,-0.004904736626975104,3.876824259341678e-05,3.876860265785864e-05,-7.753684525127542e-05,0.03839230847974349,0.03709080324158952,-0.075483111721333,0.0005963244656409206,0.0005963468445368607,-0.0011926713101777814
-0.1973344002167203,0.20261656716108703,-0.005282166944366719,4.1749799827421826e-05,4.175028468467942e-05,-8.350008451210125e-05,0.03844556183971844,0.037043682078478156,-0.07548924391819659,0.0005962973016114378,0.0005963252543731239,-0.001192622555984562
-0.19714203895353044,0.20280166801968752,-0.005659629066157069,4.473121560953116e-05,4.473185520158987e-05,-8.946307081112104e-05,0.03849907289766706,0.036996760945897794,-0.07549583384356484,0.0005962678653893697,0.0005963022525239829,-0.001192570117913353
-0.19694940948774364,0.20298653477054604,-0.006037125282802367,4.771247848131552e-05,4.7713307209919256e-05,-9.542578569123477e-05,0.038552844119716066,0.03695003812971915,-0.0755028822494352,0.0005962361176295981,0.0005962778626931723,-0.0011925139803227707
-0.19675651051233328,0.2031711684009847,-0.0064146578886514205,5.0693576785827146e-05,5.06946338285216e-05,-0.00010138821061434874,0.0386068780049529,0.03690351193602251,-0.0755103899409754,0.00059620201826211,0.0005962521081906923,-0.0011924541264528028
-0.19656334070769413,0.20335556988990625,-0.00679222918221212,5.367449866393663e-05,5.3675828291826176e-05,-0.00010735032695576282,0.03866117708599976,0.036857180690788416,-0.07551835777678816,0.0005961655264763348,0.0005962250119403736,-0.0011923905384167088
-0.1963698987414733,0.2035397402078926,-0.0071698414664193005,5.66552320505905e-05,5.665688394792533e-05,-0.00011331211599851583,0.0387157439295998,0.03681104273959414,-0.07552678666919392,0.0005961266007050871,0.0005961965964872768,-0.0011923231971923643
-0.1961761832683981,0.2037236803173022,-0.007547497048904059,5.963576467098751e-05,5.963779425669894e-05,-0.00011927355892768644,0.038770581137216,0.036765096447315786,-0.07553567758453177,0.0005960851986081064,0.000596166884004929,-0.001192252082613036
-0.19598219293010113,0.20390739117236575,-0.007925198242264618,6.261608403667157e-05,6.261855278797462e-05,-0.00012523463682464619,0.03882569134564296,0.0367193401978359,-0.07554503154347884,0.0005960412770551786,0.0005961358963024024,-0.0011921771733575815
-0.1957879263549417,0.20409087371928059,-0.008302947364338847,6.55961774415393e-05,6.559915321972297e-05,-0.00013119533066126225,0.0388810772276319,0.03667377239375646,-0.07555484962138834,0.0005959947921088296,0.0005961036548312393,-0.0011920984469400695
-0.1955933821578248,0.20427412889630334,-0.008680746738478502,6.857603195775987e-05,6.857958933628703e-05,-0.0001371556212940469,0.038936741492529264,0.03662839145611716,-0.0755651329486464,0.0005959456990065775,0.0005960701806922254,-0.0011920158796988034
-0.1953985589400164,0.20445715763384179,-0.009058598693825312,7.155563443160509e-05,7.155985502664523e-05,-0.0001431154894582503,0.038992686886929334,0.03658319582411884,-0.07557588271104816,0.0005958939521427304,0.0005960354946420177,-0.0011919294467847487
-0.1952034552889555,0.20463996085454456,-0.009436505565588985,7.453497147918718e-05,7.45399442827072e-05,-0.00014907491576189436,0.03904891619534105,0.036538183954851956,-0.07558710015019299,0.0005958395050497168,0.000595999617099629,-0.0011918391221493465
-0.19500806977806298,0.20482253947339032,-0.009814469695327243,7.751402948210224e-05,7.751985119764152e-05,-0.00015503388067974376,0.03910543224086962,0.03649335432303,-0.0755987865638996,0.0005957823103789346,0.0005959625681527723,-0.0011917448785317075
-0.19481240096654678,0.20500489439777486,-0.01019249343122798,8.049279458297652e-05,8.049956996423492e-05,-0.00016099236454721148,0.039162237885913095,0.03644870542072771,-0.0756109433066408,0.0005957223198811038,0.0005959243675640702,-0.0011916466874451746
-0.19461644739920383,0.2051870265275976,-0.01057057912839365,8.347125268091328e-05,8.347909487328222e-05,-0.0001669503475541955,0.0392193360328745,0.03640423575712411,-0.0756235717899986,0.0005956594843861101,0.0005958850347771306,-0.0011915445191632412
-0.19442020760621803,0.2053689367553461,-0.010948729149127966,8.64493894268376e-05,8.645842031200623e-05,-0.00017290780973884388,0.03927672962488979,0.036359943858250025,-0.0756366734831398,0.0005955937537823209,0.0005958445889224933,-0.0011914383427048148
-0.19422368010295493,0.20555062596618007,-0.011326945863225048,8.942719021873647e-05,8.943754076250717e-05,-0.00017886473098124368,0.03933442164657207,0.03631582826674028,-0.07565024991331233,0.0005955250769953609,0.0005958030488234508,-0.0011913281258188121
-0.1940268633897523,0.20573209503801354,-0.01170523164826109,9.240464019679121e-05,9.241645080024076e-05,-0.000184821090997032,0.039392415124772644,0.03627188754159017,-0.0756643026663628,0.0005954534019663297,0.0005957604330017442,-0.0011912138349680745
-0.1938297559517072,0.205913344841596,-0.012083588889888676,9.538172423839978e-05,9.539514509252461e-05,-0.00019077686933092442,0.03945071312935911,0.03622812025791644,-0.07567883338727555,0.0005953786756294442,0.0005957167596831412,-0.001191095435312586
-0.1936323562584587,0.20609437624059268,-0.012462019982133844,9.835842695308566e-05,9.837361839707217e-05,-0.00019673204535015785,0.03950931877401123,0.03618452500672235,-0.07569384378073357,0.0005953008438890892,0.000595672046802894,-0.0011909728906919837
-0.1934346627639671,0.2062751900916632,-0.01284052732769601,0.00010133473267729067,0.00010135186556055357,-0.00020268659823784426,0.039568235217034765,0.03614110039466699,-0.07570933561170175,0.0005952198515962571,0.0005956263120110849,-0.0011908461636073425
-0.19323667390628838,0.20645578724453933,-0.013219113338250862,0.00010431062546904823,0.00010432988151718302,-0.0002086405069862313,0.03962746566219405,0.03609784504383866,-0.0757253107060327,0.0005951356425243586,0.0005955795726778587,-0.0011907152152022178
-0.19303838810734514,0.2066361685421016,-0.01359778043475634,0.00010728608910253425,0.00010730766128733214,-0.00021459375038986647,0.03968701335956359,0.0360547575915322,-0.07574177095109577,0.0005950481593443857,0.000595531845898547,-0.0011905800052429332
-0.19283980377269275,0.20681633482045467,-0.013976531047761823,0.00011026110706249207,0.00011028519997616848,-0.00022054630703866068,0.039746881606399345,0.036011836690030205,-0.07575871829642952,0.0005949573435994056,0.0005954831484986843,-0.0011904404920980902
-0.19264091929128116,0.20699628690900193,-0.014355367617720638,0.0001132356625385283,0.00011326249277231898,-0.0002264981553108474,0.03980707374803013,0.03596908100638816,-0.07577615475441826,0.0005948631356783651,0.0005954334970389222,-0.0011902966327172878
-0.19244173303521245,0.20717602563051862,-0.014734292595306005,0.00011620973841927574,0.0001162395349465577,-0.00023244927336583355,0.0398675931787698,0.03592648922222317,-0.07579408240099295,0.0005947654747891854,0.0005953829078198403,-0.001190148382609026
-0.19224224335949347,0.20735555180122417,-0.015113308441730566,0.00011918331728642017,0.00011921632185051738,-0.00023839963913693763,0.0399284433428507,0.03588406003350647,-0.07581250337635714,0.000594664298931123,0.0005953313968866589,-0.0011899956958177822
-0.19204244860178393,0.20753486623085368,-0.015492417629069579,0.00012215638140858695,0.00012219284891542428,-0.0002443492303240113,0.03998962773537901,0.03584179215035949,-0.07583141988573847,0.0005945595448663749,0.0005952789800338543,-0.0011898385249002298
-0.19184234708213968,0.2077139697227278,-0.015871622640587953,0.00012512891273508392,0.0001251691116508559,-0.0002502980243859399,0.04005114990331261,0.0357996842968534,-0.07585083420016597,0.0005944511480909051,0.0005952256728096802,-0.0011896768209005858
-0.19164193710275082,0.2078928630738222,-0.01625092597107124,0.00012810089288949603,0.00012814510564352109,-0.0002562459985330172,0.04011301344646209,0.03575773521081212,-0.07587074865727417,0.0005943390428044647,0.0005951714905205963,-0.0011895105333250616
-0.19144121694767505,0.2080715470748359,-0.016630330127160694,0.00013107230316312853,0.0001311208265560619,-0.0002621931297191905,0.040175222018515505,0.035715943643618735,-0.0758911656621342,0.0005942231618797838,0.0005951164482356066,-0.001189339610115391
-0.19124018488256564,0.20825002251025843,-0.017009837627692582,0.00013404312450829384,0.00013409627012587718,-0.0002681393946341711,0.04023777932808763,0.03567430836002516,-0.07591208768811274,0.000594103436830906,0.0005950605607905102,-0.0011891639976214167
-0.19103883915439415,0.20842829015843617,-0.01738945100404182,0.0001370133375314376,0.000137071432163967,-0.0002740847696954047,0.040300689139794364,0.03563282813796506,-0.07593351727775938,0.0005939797977806389,0.0005950038427920655,-0.001188983640572705
-0.19083717799116767,0.20860635079163808,-0.01776917280047017,0.00013998292248610023,0.00014004630855379784,-0.00028002923103989815,0.04036395527535299,0.03559150176836998,-0.07595545704372293,0.0005938521734270924,0.0005949463086220709,-0.001188798482049164
-0.1906351996016406,0.2087842051761199,-0.01814900557447905,0.00014295185926570855,0.00014302089525018773,-0.00028597275451589633,0.04042758161470907,0.03555032805498852,-0.07597790966969756,0.0005937204910092753,0.0005948879724413625,-0.0011886084634506384
-0.19043290217502057,0.20896185407218798,-0.018528951897167148,0.000145920127396193,0.00014599518827821144,-0.0002919153156744045,0.040491572097190724,0.035509305814208574,-0.07600087791139927,0.000593584676271718,0.000594828848193733,-0.0011884135244654517
-0.1902302838806687,0.209139298234262,-0.01890901435359304,0.00014888770602842572,0.00014896918373212504,-0.0002978568897605508,0.040555930722691064,0.0354684338748826,-0.07602436459757364,0.0005934446534280926,0.0005947689496097708,-0.001188213603037864
-0.19002734286779366,0.20931653841093684,-0.019289195543142883,0.00015185457393047393,0.00015194287777430915,-0.00030379745170478313,0.04062066155287963,0.03542771107815573,-0.07604837263103534,0.0005933003451237948,0.0005947082902106235,-0.001188008635334419
-0.1898240772651399,0.20949357534504354,-0.019669498079903393,0.00015482070947966367,0.00015491626663423127,-0.000309736976113895,0.0406857687124437,0.03538713627729686,-0.07607290498974054,0.0005931516723974547,0.0005946468833116864,-0.0011877985557091416
-0.1896204851806692,0.2096704097737098,-0.020049924593040287,0.00015778609065444845,0.000157889346607426,-0.0003156754372618745,0.04075125639036023,0.03534670833753238,-0.07609796472789258,0.0005929985546413402,0.0005945847420262173,-0.0011875832966675578
-0.18941656470123627,0.2098470424284189,-0.02043047772718232,0.00016075069502607706,0.00016086211405449345,-0.00032161280908057054,0.04081712884119953,0.03530642613588287,-0.07612355497708237,0.0005928409095606183,0.0005945218792688805,-0.0011873627888294993
-0.1892123138922572,0.21002347403506866,-0.020811160142811112,0.00016371449975005465,0.00016383456540011482,-0.0003275490651501695,0.04088339038646139,0.03526628856100231,-0.07614967894746366,0.0005926786531314336,0.0005944583077592211,-0.0011871369608906551
-0.18900773079737165,0.21019970531402893,-0.021191974516656956,0.0001666774815573914,0.00016680669713208565,-0.00033348417868947705,0.040950045415944804,0.03522629451302002,-0.0761763399289648,0.0005925116995577657,0.0005943940400250703,-0.0011869057395828366
-0.18880281343809774,0.21037573698019885,-0.02157292354210076,0.00016963961674563231,0.0001697785058003655,-0.00033941812254599784,0.0410170983891522,0.035186442903385226,-0.0762035412925374,0.0005923399612270245,0.000594329088405885,-0.0011866690496329102
-0.18859755981348011,0.21055156974306274,-0.02195400992958233,0.00017260088116966167,0.0001727499880161445,-0.00034535086918580614,0.041084553836729175,0.03514673265471409,-0.07623128649144324,0.0005921633486643413,0.0005942634650560209,-0.0011864268137203628
-0.18839196789973045,0.210727204306746,-0.02233523640701519,0.00017556125023227573,0.00017572114045092573,-0.00035128239068320146,0.041152416361940995,0.03510716270063927,-0.07625957906258024,0.0005919817704855085,0.0005941971819479427,-0.001186178952433452
-0.1881860356498607,0.2109026413700692,-0.022716605720208134,0.00017852069887451676,0.00017869195983562393,-0.00035721265871014067,0.04122069064218668,0.03506773198566195,-0.07628842262784861,0.000591795133348527,0.0005941302508753726,-0.0011859253842239003
-0.18797976099330857,0.21107788162660263,-0.023098120633293678,0.00018147920156576103,0.00018166244295967946,-0.00036314164452544044,0.041289381430552156,0.03502843946500623,-0.07631782089555837,0.0005916033419037075,0.000594062683456376,-0.0011856660253600842
-0.18777314183555516,0.21125292576471924,-0.023479783929163715,0.00018443673229355385,0.00018463258667018767,-0.00036906931896374146,0.0413584935574033,0.03498928410447588,-0.07634777766187917,0.0005914062987422815,0.00059399449113639,-0.0011854007898786723
-0.18756617605773454,0.21142777446764738,-0.02386159840991247,0.00018739326455318386,0.00018760238787104332,-0.0003749956524242271,0.041428031932020486,0.034950264880313414,-0.07637829681233388,0.0005912039043434668,0.000593925685191191,-0.0011851295895346585
-0.18735886151623496,0.21160242841352236,-0.024243566897287055,0.00019034877133698852,0.00019057184352209958,-0.00038092061485908805,0.04149800154427561,0.0349113807790614,-0.076409382323337,0.0005909960570199344,0.0005938562767298082,-0.0011848523337497435
-0.18715119604229177,0.21177688827543797,-0.02462569223314584,0.00019330322512338318,0.0001935409506383414,-0.0003868441757617246,0.04156840746635307,0.034872630797426016,-0.07644103826377906,0.0005907826528616242,0.0005937862766973785,-0.0011845689295590033
-0.18694317744157143,0.21195115472149664,-0.025007977279924848,0.00019625659786560475,0.00019650970628907333,-0.00039276630415467813,0.04163925485451601,0.03483401394214275,-0.07647326879665874,0.0005905635856778451,0.0005937156958779495,-0.0011842792815557953
-0.18673480349374663,0.21212522841485942,-0.025390424921112424,0.00019920886098016166,0.00019947810759712091,-0.00039868696857728254,0.041710548950919274,0.03479552922984427,-0.07650607818076352,0.0005903387469376072,0.0005936445448972279,-0.0011839832918348358
-0.18652607195206225,0.21229911001379506,-0.02577303806173248,0.00020215998533498086,0.00020244615173804566,-0.00040460613707302644,0.04178229508547061,0.034757175686930354,-0.07653947077240093,0.000590108025708116,0.0005935728342252753,-0.0011836808599333922
-0.18631698054289195,0.2124728001717287,-0.026155819628836435,0.00020510994123724285,0.0002054138359393737,-0.00041052377717661645,0.04185449867774139,0.03471895234943992,-0.07657345102718129,0.0005898713085913691,0.0005935005741791548,-0.0011833718827705248
-0.18610752696528485,0.21264629953728947,-0.026538772572004293,0.00020805869842089458,0.00020838115747983722,-0.00041643985590073175,0.041927165238928844,0.03468085826292498,-0.0766080235018538,0.0005896284796587831,0.0005934277749255259,-0.0011830562545843098
-0.18589770889050267,0.21281960875435796,-0.026921899863854976,0.00021100622603383067,0.00021134811368862897,-0.0004223543397224596,0.04200030037387103,0.0346428924823267,-0.07664319285619771,0.000589379420383784,0.0005933544464831915,-0.0011827338668669763
-0.18568752396154614,0.21299272846211276,-0.027305204500566272,0.0002139524926247324,0.00021431470194466915,-0.00042826719456940147,0.04207390978311651,0.03460505407185329,-0.07667896385496978,0.0005891240095722835,0.0005932805987255976,-0.0011824046082978819
-0.18547696979267148,0.2131656592950765,-0.027688689502404672,0.0002168974661295535,0.00021728091967588496,-0.0004341783858054384,0.04214799926505039,0.03456734210485984,-0.0767153413699102,0.0005888621232909688,0.0005932062413832854,-0.001182068364674255
-0.18526604396889562,0.21333840188316136,-0.028072357914265378,0.00021984111385764212,0.00022024676435850203,-0.00044008787821614404,0.042222574718078595,0.03452975566373003,-0.0767523303818086,0.0005885936347933229,0.0005931313840462988,-0.0011817250188396226
-0.18505474404549066,0.21351095685171378,-0.028456212806222764,0.00022278340247748677,0.00022321223351634794,-0.00044599563599383467,0.04229764214287222,0.034492293839759686,-0.07678993598263188,0.0005883184144432941,0.0005930560361665456,-0.0011813744506098405
-0.18484306754746688,0.2136833248215589,-0.028840257274091695,0.00022572429800207507,0.0002261773247201675,-0.0004519016227222425,0.042373207644674,0.03445495573304207,-0.07682816337771604,0.0005880363296365275,0.0005929802070601172,-0.0011810165366966455
-0.18463101196904394,0.21385550640904422,-0.029224494439999922,0.00022866376577385206,0.00022914203558694913,-0.0004578058013608011,0.0424492774356689,0.034417740452355,-0.07686701788802387,0.0005877472447190691,0.0005929039059095638,-0.0011806511506286337
-0.18441857477311022,0.21402750222608247,-0.029608927452971934,0.00023160177044926578,0.0002321063637792631,-0.00046370813422852875,0.042525857837420925,0.034380647115049706,-0.0769065049524706,0.000587451020903448,0.0005928271417661282,-0.001180278162669577
-0.18420575339066975,0.21419931288019467,-0.02999355948952463,0.00023453827598288656,0.00023507030700461038,-0.0004696085829874968,0.042602955283378485,0.03434367484694129,-0.07694663013031974,0.0005871475161820385,0.0005927499235519392,-0.0011798974397339785
-0.18399254522027644,0.21437093897455184,-0.030378393754275135,0.0002374732456110862,0.0002380338630147825,-0.00047550710862586857,0.04268057632145039,0.03430682278220101,-0.07698739910365138,0.0005868365852376014,0.0005926722600621641,-0.0011795088452997663
-0.18377894762745522,0.21454238110801666,-0.030763433480561146,0.0002404066418352626,0.000240997029605232,-0.00048140367144049455,0.042758727616655105,0.03427009006325007,-0.07702881767990515,0.0005865180793508965,0.0005925941599671229,-0.00117911223931802
-0.18356495794410987,0.21471363987518433,-0.03114868193107419,0.00024333842640459513,0.00024395980461445373,-0.00048729823101904883,0.0428374159538455,0.03423347584065504,-0.07707089179450051,0.0005861918463052565,0.0005925156318143628,-0.00117870747811962
-0.18335057346791678,0.2148847158664232,-0.03153414239850615,0.0002462685602983151,0.00024692218592337566,-0.0004931907462216908,0.04291664824051185,0.03419697927302496,-0.07711362751353677,0.000585857730288006,0.0005924366840306971,-0.0011782944143187038
-0.18313579146170475,0.2150556096679146,-0.03191981820620955,0.00024919700370747513,0.0002498841714547607,-0.0004990811751622359,0.04299643150966567,0.034160599526909835,-0.07715703103657547,0.0005855155717886046,0.0005923573249242049,-0.0011778728967128103
-0.1829206091528201,0.21522632186169233,-0.032305712708871906,0.0002521237160162011,0.0002528457591726177,-0.0005049694751888189,0.043076772922807205,0.034124335776700765,-0.07720110869950793,0.0005851652074933885,0.0005922775626861972,-0.0011774427701795865
-0.18270502373247668,0.21539685302568162,-0.03269182929320464,0.0002550486557824091,0.0002558069470816226,-0.0005108556028640318,0.04315767977297938,0.03408818720453153,-0.07724586697751087,0.0005848064701767789,0.000592197405393146,-0.0011770038755699256
-0.18248903235509034,0.21556720373373764,-0.03307817137864702,0.00025797178071796897,0.00025876773322654916,-0.0005167395139445181,0.04323915948791135,0.03405215300018166,-0.07729131248809297,0.0005844391885888193,0.0005921168610085797,-0.0011765560495973996
-0.18227263213759756,0.21573737455568348,-0.03346474241808557,0.00026089304766829726,0.0002617281156917084,-0.0005226211633600057,0.04332121963325467,0.034016232360980884,-0.07733745199423553,0.0005840631873388987,0.0005920359373849448,-0.0011760991247238442
-0.1820558201587578,0.21590736605734748,-0.03385154589858938,0.00026381241259135793,0.0002646880926003986,-0.0005285005051917566,0.0434038679159154,0.03398042449171509,-0.07738429240763045,0.0005836782867755107,0.0005919546422654344,-0.0011756329290409458
-0.18183859345843842,0.21607717880060057,-0.034238585342161884,0.00026672983053605237,0.0002676476621143628,-0.0005343774926504152,0.04348711218748545,0.03394472860453358,-0.07743184079201901,0.0005832843028618912,0.0005918729832857842,-0.0011751572861476759
-0.18162094903688292,0.21624681334339274,-0.034625864306509574,0.0002696452556199769,0.00027060682243325643,-0.0005402520780532333,0.043570960447776884,0.03390914391885777,-0.07748010436663462,0.0005828810470473722,0.0005917909679760368,-0.0011746720150234097
-0.18140288385396067,0.21641627023978915,-0.03501338638582823,0.0002725586410065261,0.00027356557179412315,-0.0005461242128006492,0.04365542084846256,0.03387366966129115,-0.07752909050975368,0.0005824683261342796,0.0005917086037622757,-0.0011741769298965559
-0.18118439482839832,0.2165855500400057,-0.03540115521160712,0.0002754699388813197,0.00027652390847087923,-0.0005519938473521988,0.043740501696827236,0.03383830506553061,-0.0775788067623578,0.0005820459421401959,0.0005916258979683279,-0.0011736718401085245
-0.1809654788369924,0.21675465329044447,-0.03578917445345181,0.00027837910042792806,0.00027948183077380645,-0.0005578609312017344,0.0438262114596329,0.03380304937227905,-0.0776292608319119,0.0005816136921554017,0.0005915428578174374,-0.00117315654997284
-0.180746132713802,0.21692358053372854,-0.03617744781992623,0.0002812860758028737,0.00028243933704905354,-0.0005637254128519272,0.04391255876710263,0.03376790182915926,-0.07768046059626185,0.0005811713681952992,0.0005914594904339102,-0.00117263085862921
-0.18052635324932137,0.2170923323087361,-0.03656597905941443,0.00028419081410988105,0.0002853964256781455,-0.0005695872397880265,0.043999552417027195,0.033732861690629,-0.07773241410765616,0.0005807187570476139,0.0005913758028447287,-0.0011720945598923435
-0.1803061371896317,0.21726090915063478,-0.0369547719610028,0.0002870932633733498,0.00028835309507750087,-0.0005754463584508507,0.04408720137899901,0.033697928217897404,-0.07778512959689637,0.0005802556401141582,0.0005912918019811411,-0.0011715474420953
-0.1800854812355314,0.21742931159091503,-0.0373438303553834,0.00028999337051102263,0.00029130934369795693,-0.0005813027142089796,0.04417551479877804,0.03366310067884243,-0.07783861547762044,0.0005797817932469358,0.0005912074946802208,-0.0011709892879271573
-0.17986438204164396,0.2175975401574232,-0.03773315811577901,0.00029289108130581916,0.00029426517002430306,-0.0005871562513301222,0.04426450200279472,0.03362837834792968,-0.07789288035072435,0.0005792969865783476,0.000591122887686401,-0.0011704198742647492
-0.17964283621550345,0.2177655953743943,-0.03812275915889064,0.00029578634037680604,0.00029722057257482095,-0.000593006912951627,0.04435417250279479,0.0335937605061322,-0.07794793300892695,0.0005788009843452571,0.0005910379876529821,-0.0011698389719982396
-0.179420840316616,0.21793347776248448,-0.03851263744586828,0.00029867909114927166,0.0003001755499008329,-0.0005988546410501046,0.04444453600063165,0.03355924644085155,-0.07800378244148316,0.0005782935447066537,0.0005909528011436137,-0.001169246345850268
-0.17919839085549713,0.21810118783880278,-0.03890279698330548,0.00030156927582387254,0.00030313010058625713,-0.0006046993764101296,0.04453560239321155,0.033524835445839916,-0.07806043783905142,0.000577774419554648,0.0005908673346337518,-0.0011686417541884005
-0.1789754842926839,0.21826872611694287,-0.03929324182425879,0.00030445683534481815,0.00030608422324717046,-0.0006105410585919886,0.04462738177759764,0.03349052682112335,-0.07811790859872096,0.0005772433543185105,0.0005907815945120908,-0.0011680249488306017
-0.17875211703772118,0.21843609310701403,-0.039683976069292685,0.00030734170936705764,0.00030903791653137804,-0.0006163796258984357,0.04471988445627887,0.033456319872926084,-0.07817620432920493,0.000576700087761461,0.0005906955870819714,-0.001167395674843433
-0.17852828544812113,0.2186032893156721,-0.04007500386755084,0.0003102238362224327,0.00031199117911799015,-0.0006222150153404229,0.04481312094261005,0.03342221391359591,-0.07823533485620593,0.000576144351769896,0.0005906093185627663,-0.001166753670332663
-0.1783039858282951,0.21877031524614993,-0.040466329417854746,0.00031310315288475657,0.0003149440097170057,-0.0006280471626017624,0.044907101966429816,0.03338820826153059,-0.07829531022796038,0.0005755758711347254,0.0005905227950912409,-0.001166098666225967
-0.17807921442845684,0.21893717139828736,-0.040857956969830446,0.00031597959493377995,0.0003178964070689026,-0.0006338760020026826,0.045001838479863346,0.03335430224110529,-0.0783561407209686,0.0005749943633244788,0.0005904360227228924,-0.0011654303860473719
-0.17785396744349646,0.219103858268561,-0.04124989082506443,0.00031885309651800135,0.00032084836994423463,-0.0006397014664622361,0.0450973416633171,0.03332049518260103,-0.0784178368459181,0.0005743995382498182,0.0005903490074332671,-0.001164748545683086
-0.17762824101182367,0.21927037635011337,-0.04164213533828963,0.0003217235903162781,0.00032379989714323524,-0.0006455234874595135,0.045193622931673214,0.03328678642213414,-0.07848040935380732,0.0005737910980190818,0.0005902617551192549,-0.0011640528531383372
-0.17740203121417972,0.2194367261327823,-0.042034694918602504,0.00032459100749819217,0.00032675098749542717,-0.0006513419949936194,0.04529069394069137,0.033253175301586585,-0.07854386924227792,0.00057316873668446,0.0005901742716003639,-0.0011633430082848243
-0.17717533407241676,0.21960290810312927,-0.04242757403071241,0.0003274552776831227,0.0003297016398592389,-0.0006571569175423616,0.045388566593626535,0.033219661168537425,-0.07860822776216393,0.0005725321399783871,0.0005900865626199727,-0.0011626187025983604
-0.17694814554824348,0.2197689227444677,-0.04282077719622414,0.000330316328897976,0.0003326518531216269,-0.0006629681820196031,0.0454872530480712,0.03318624337619501,-0.07867349642426619,0.000571880985039712,0.0005899986338465643,-0.0011618796188862769
-0.17672046154193605,0.21993477053689117,-0.04321430899495506,0.0003331740875335198,0.0003356016261977045,-0.0006687757137312244,0.04558676572303124,0.03315292128333026,-0.07873968700636147,0.0005712149401291838,0.000589910490874938,-0.0011611254310041222
-0.17649227789101318,0.22010045195730096,-0.04360817406628776,0.00033602847829926786,0.0003385509580303763,-0.0006745794363296443,0.045687117306244855,0.03311969425421072,-0.07880681156045555,0.0005705336643337711,0.0005898221392274031,-0.0011603558035611745
-0.17626359036887362,0.22026596747943325,-0.04400237711055962,0.00033887942417685753,0.0003414998475899786,-0.0006803792717668363,0.045788320761754625,0.033086561658535636,-0.07887488242029023,0.0005698368072593035,0.0005897335843549534,-0.0011595703916142573
-0.17603439468339563,0.2204313175738863,-0.04439692289049066,0.0003417268463718609,0.00034444829387392586,-0.0006861751402457869,0.04589038933774305,0.03305352287137175,-0.07894391220911476,0.0005691240087109001,0.0005896448316384223,-0.0011587688403493228
-0.1758046864754962,0.22059650270814699,-0.04479181623265077,0.0003445706642639665,0.0003473962959063628,-0.0006919669601703296,0.045993336574642614,0.033020577273090074,-0.07901391384773265,0.0005683948983606202,0.0005895558863896203,-0.001157950784750241
-0.17557446131764923,0.22076152334661722,-0.04518706202896799,0.00034741079535546707,0.000350343852737822,-0.0006977546480932894,0.046097176313531704,0.03298772424930348,-0.07908490056283514,0.0005676490954017416,0.0005894667538524544,-0.0011571158492541963
-0.17534371471236088,0.22092637995064002,-0.04558266523827913,0.0003502471552179839,0.0003532909634448874,-0.0007035381186628715,0.046201922704828584,0.032954963190805056,-0.0791568858956336,0.0005668862081890412,0.0005893774392040297,-0.0011562636473930713
-0.17511244209060092,0.2210910729785253,-0.045978630887924324,0.0003530796574373575,0.0003562376271298624,-0.00070931728456722,0.04630759021729592,0.032922293493507365,-0.07922988371080324,0.0005661058338644197,0.0005892879475557339,-0.001155393781420154
-0.17488063881018792,0.22125560288557514,-0.04637496407538715,0.0003559082135566281,0.0003591838429204447,-0.0007150920564770731,0.04641419364736908,0.03288971455838242,-0.07930390820575145,0.0005653075579671735,0.0005891982839543055,-0.0011545058419214795
-0.17464830015412722,0.22141997012410913,-0.04677166996998184,0.0003587327330170292,0.00036212960996940543,-0.0007208623429864349,0.046521748128822316,0.032857225791402496,-0.07937897392022476,0.0005644909540281818,0.0005891084533828847,-0.001153599407411067
-0.1744154213288997,0.2215841751434892,-0.0471687538145894,0.00036155312309690997,0.0003650749274542736,-0.0007266280505511838,0.04663026914278706,0.03282482660348172,-0.07945509574626873,0.000563655583147239,0.0005890184607620488,-0.0011526740439092885
-0.17418199746269936,0.22174821839014397,-0.04756622092744452,0.0003643692888485016,0.00036801979457702595,-0.0007323890834255278,0.04673977252813811,0.03279251641041837,-0.07953228893855642,0.000562800993552713,0.0005889283109508318,-0.0011517293045035454
-0.17394802360361833,0.2219121003075934,-0.04796407670397497,0.00036718113303243707,0.0003709642105637819,-0.0007381453435962192,0.04685027449226333,0.03276029463283792,-0.07961056912510121,0.0005619267201426732,0.0005888380087477281,-0.001150764728890402
-0.17371349471777672,0.2220758213364724,-0.048362326618695536,0.00036998855604992835,0.00037390817466450324,-0.0007438967307144319,0.04696179162223428,0.032728160696136925,-0.07968995231837116,0.0005610322840065785,0.0005887475588916819,-0.001149779842898261
-0.17347840568739598,0.2222393819145548,-0.04876097622715868,0.0003727914558725028,0.0003768516861526987,-0.0007496431420252017,0.047074340896395145,0.03269611403042743,-0.07977045492682254,0.0005601171919265669,0.0005886569660630612,-0.0011487741579896287
-0.17324275130881278,0.2224027824767767,-0.04916003116796377,0.00037558972796919394,0.0003797947443251339,-0.000755384472294328,0.047187939696388945,0.03266415407048228,-0.07985209376687118,0.0005591809358573331,0.0005885662348846173,-0.001147747170741951
-0.1730065262904321,0.22256602345525964,-0.049559497164827396,0.00037838326523107613,0.00038273734850154497,-0.0007611206137326213,0.04730260581964063,0.03263228025568098,-0.07993488607532157,0.0005582229923835236,0.0005884753699224311,-0.0011466983623059555
-0.17276972525061637,0.2227291052793335,-0.049959380028716985,0.0003811719578930292,0.0003856794980243582,-0.0007668514559173875,0.04741835749231783,0.032600492029956324,-0.0800188495222741,0.0005572428221535192,0.0005883843756868447,-0.0011456271978403645
-0.17253234271550894,0.2228920283755592,-0.050359685660050134,0.0003839556934526113,0.00038862119225841336,-0.0007725768857110248,0.047535213382790945,0.03256878884174164,-0.08010400222453255,0.0005562398692884042,0.000588293256633379,-0.0011445331259217837
-0.17229437311678847,0.2230547931677509,-0.050760420050962304,0.0003867343565859132,0.000391562430590692,-0.0007782967871766053,0.047653192615615826,0.03253717014391871,-0.0801903627595345,0.0005552135607648588,0.0005882020171636403,-0.0011434155779284998
-0.17205581078935278,0.22321740007699836,-0.05116158928764547,0.0003895078290602599,0.00039450321243004983,-0.0007840110414903099,0.04777231478606294,0.03250563539376633,-0.08027795017982924,0.0005541633057706328,0.0005881106616262114,-0.0011422739673968448
-0.17181664996892784,0.2233798495216886,-0.0515631995527606,0.0003922759896436196,0.0003974435372069541,-0.0007897195268505737,0.047892599975218754,0.032474184052909534,-0.08036678402812825,0.000553088495031179,0.0005880191943175316,-0.0011411076893487113
-0.1715768847896006,0.22354214191752747,-0.05196525712792675,0.00039503871401057165,0.00040038340437322515,-0.000795422118383797,0.04801406876568626,0.032442815587269365,-0.0804568843529556,0.0005519885001059465,0.0005879276194827645,-0.0011399161195887117
-0.171336509281271,0.22370427767756124,-0.05236776839629015,0.000397795874644679,0.0004033228134017818,-0.0008011186880464609,0.04813674225791289,0.032411529467013346,-0.08054827172492621,0.0005508626726527359,0.0005878359413166523,-0.0011386986139693888
-0.17109551736702147,0.22386625721219758,-0.052770739845176017,0.00040054734073709903,0.0004062617637863917,-0.0008068091045234909,0.04826064208717585,0.03238032516650647,-0.08064096725368229,0.0005497103436584277,0.0005877441639643604,-0.0011374545076227888
-0.17085390286039925,0.22402808092922627,-0.053174178068826974,0.00040329297808126325,0.0004092002550414254,-0.000812493233122689,0.048385790441256564,0.03234920216426284,-0.08073499260551938,0.0005485308226342943,0.0005876522915223089,-0.0011361831141566041
-0.17061165946260892,0.2241897492338402,-0.05357808977123122,0.0004060326489634419,0.0004121382867016148,-0.000818170935665057,0.048512210078837464,0.03231815994289783,-0.08083037002173526,0.0005473233967739892,0.000587560328038994,-0.0011348837248129839
-0.17036878075961087,0.22435126252865528,-0.053982481769044334,0.00040876621204900316,0.00041507585832181536,-0.0008238420703708188,0.048639924348656584,0.032287197989080876,-0.08092712233773743,0.0005460873300721985,0.0005874682775157969,-0.001133555607587996
-0.17012526021912236,0.22451262121373103,-0.05438736099460859,0.00041149352226416396,0.00041801296947677273,-0.0008295064917409371,0.04876895720945707,0.03225631579348876,-0.08102527300294579,0.0005448218624018086,0.0005873761439077845,-0.001132198006309594
-0.16988109118751632,0.2246738256865902,-0.05479273449907379,0.00041421443067302127,0.0004209496197608932,-0.0008351640504339148,0.04889933325077117,0.03222551285075948,-0.0811248461015306,0.0005435262085473127,0.0005872839311244976,-0.0011308101396718111
-0.16963626688661465,0.22483487634223867,-0.0551986094556239,0.00041692878434963706,0.0004238858087880177,-0.0008408145931376552,0.04903107771458043,0.03219478865944663,-0.08122586637402701,0.0005421995571920339,0.0005871916430307296,-0.0011293912002227644
-0.1693907804103705,0.22499577357318473,-0.055604993162814066,0.00041963642624494156,0.00042682153619120046,-0.0008464579624361424,0.04916421651789599,0.03216414272197432,-0.08132835923987025,0.0005408410698565913,0.0005870992834472958,-0.001127940353303888
-0.16914462472143568,0.22515651776945841,-0.0560118930480226,0.000422337195048203,0.00042975680162249066,-0.0008520939966706938,0.04929877627630609,0.032133574544592605,-0.08143235082089864,0.0005394498797858675,0.0005870068561517924,-0.0011264567359376607
-0.16889779264760746,0.22531710931863067,-0.05641931667102305,0.0004250309250428002,0.00043269160475271836,-0.0008577225297955188,0.049434784328539975,0.03210308363733343,-0.08153786796587335,0.0005380250907815617,0.0005869143648793468,-0.0011249394556609093
-0.16865027687815026,0.22547754860583175,-0.05682727172768133,0.00042771744595601857,0.0004356259452712841,-0.0008633433912273029,0.04957226876210075,0.03207266951396702,-0.08164493827606772,0.0005365657759772224,0.0005868218133233581,-0.0011233875893005812
-0.16840206995998644,0.2256378360137703,-0.05723576605378372,0.0004303965828025724,0.0004385598228859519,-0.0008689564056885247,0.049711258440022894,0.03204233169195885,-0.0817535901319817,0.0005350709765524514,0.0005867292051362292,-0.0011218001816886815
-0.16815316429375005,0.22579797192275133,-0.05764480762900115,0.000433068155721543,0.00044149323732264634,-0.0008745613930441898,0.04985178302881321,0.03201206969242699,-0.08186385272124015,0.0005335397003827485,0.0005866365439300908,-0.0011201762443128402
-0.1679035521296983,0.22595795671069455,-0.05805440458099612,0.0004357319798063999,0.0004444261883252528,-0.000880158168131653,0.04999387302763805,0.03198188304009994,-0.08197575606773794,0.000531970920621237,0.0005865438332775155,-0.0011185147538987532
-0.16765322556347367,0.22611779075315233,-0.05846456518967853,0.00043838786492775533,0.0004473586756554215,-0.0008857465405831773,0.05013755979882305,0.031951771263275,-0.082089331062098,0.0005303635742082529,0.0005864510767122253,-0.001116814650920479
-0.16740217653171008,0.2262774744233273,-0.05887529789161711,0.00044103561554848235,0.000450290699092375,-0.0008913263146408578,0.05028287559973605,0.03192173389377697,-0.08220460949351298,0.0005287165603045122,0.0005863582777297908,-0.0011150748380343038
-0.16715039680747631,0.2264370080920901,-0.059286611284613655,0.0004436750305308005,0.0004532222584327193,-0.0008968972889635202,0.05042985361612831,0.03189177046691734,-0.08232162408304561,0.0005270287386432755,0.0005862654397883225,-0.0011132941784315988
-0.1668978779955488,0.22659639212799648,-0.059698514132447554,0.0004463059029349152,0.00045615335349025816,-0.0009024592564251737,0.05057852799701359,0.03186188052145394,-0.08244040851846748,0.0005252989277966167,0.0005861725663091549,-0.0011114714941057723
-0.16664461152750618,0.22675562689730464,-0.06011101536979833,0.0004489280198087667,0.0004590839840958108,-0.000908012003904578,0.0507289338911701,0.03183206359955094,-0.08256099749072099,0.000523525903350561,0.0005860796606775235,-0.0011096055640280854
-0.16639058865663708,0.22691471276399197,-0.06052412410735476,0.00045154116196842074,0.00046201415009703334,-0.0009135553120654547,0.0508811074853556,0.031802319246739305,-0.08268342673209488,0.0005217083959834917,0.0005859867262432352,-0.0011076951222267278
-0.1661358004526526,0.227073650089772,-0.060937849637119276,0.0004541451037686016,0.0004649438513582431,-0.0009190889551268453,0.05103508604433177,0.031772647011877646,-0.08280773305620938,0.00051984508944183,0.0005858937663213311,-0.001105738855763162
-0.16588023779619376,0.2272324392341108,-0.061352201437916865,0.00045673961286283904,0.0004678730877602466,-0.0009246127006230862,0.05119090795280044,0.03174304644711343,-0.08293395439991383,0.0005179346184065654,0.0005858007841927446,-0.0011037354025993109
-0.1656238913731246,0.22739108055424317,-0.06176718918111842,0.00045932444995266724,0.0004708018592001706,-0.0009301263091528384,0.05134861275936085,0.03171351710784458,-0.08306212986720539,0.000515975566243752,0.0005857077831049516,-0.0011016833493487045
-0.16536675166860018,0.2275495744051892,-0.062182822736588914,0.0004618993685252766,0.0004737301655912961,-0.0009356295341165733,0.05150824122260458,0.03168405855268152,-0.08319229977528605,0.000513966462631588,0.0005856147662726158,-0.0010995812289042045
-0.16510880896089858,0.22770792113976995,-0.06259911217887128,0.0004644641145789831,0.00047665800686289673,-0.0009411221214418805,0.05166983535947244,0.03165467034340943,-0.08332450570288183,0.0005119057810561554,0.000585521736878228,-0.0010974275179343842
-0.16485005331500543,0.2278661211086233,-0.06301606779361772,0.0004670184263358381,0.0004795853829600784,-0.0009466038092959172,0.05183343849600627,0.03162535204495101,-0.08345879054095723,0.0005097919361673112,0.0005854286980727403,-0.0010952206342400522
-0.1645904745759385,0.2280241746602195,-0.06343370008428084,0.0004695620339406562,0.0004825122938436241,-0.0009520743277842811,0.051999095320637546,0.0315961032253295,-0.083595198545967,0.0005076232809855905,0.000585335652976195,-0.0010929589339617862
-0.16433006236179906,0.2281820821408766,-0.0638520197790774,0.000472094659145694,0.0004854387394898404,-0.0009575333986355352,0.05216685194016461,0.03156692345563203,-0.08373377539579659,0.0005053981039502916,0.0005852426046783483,-0.0010906407086286407
-0.16406880605653684,0.22833984389477577,-0.06427103783823881,0.0004746160149801591,0.0004883647198904077,-0.0009629807348705674,0.052336755938580934,0.03153781230997336,-0.08387456824855423,0.0005031146257981707,0.00058514955623929,-0.0010882641820374613
-0.16380669480241322,0.2284974602639763,-0.06469076546156294,0.00047712580540367573,0.0004912902350522333,-0.0009684160404559097,0.052508856438928164,0.03150876936545986,-0.08401762580438797,0.0005007709962613614,0.0005850565106900578,-0.00108582750695142
-0.16354371749214755,0.2286549315884304,-0.0651112140962827,0.0004796237249427728,0.0004942152849973083,-0.0009738390099400815,0.052683204168360385,0.03147979420215387,-0.0841629983705142,0.0004983652905722564,0.000584963471033249,-0.001083328761605506
-0.16327986276072964,0.22881225820599788,-0.0655323954452681,0.00048210945830939834,0.0004971398697625659,-0.0009792493280719647,0.05285985152661899,0.03145088640303826,-0.08431073792965721,0.0004958955057621308,0.0005848704402436268,-0.0010807659460057583
-0.16301511897688137,0.2289694404524608,-0.06595432147557927,0.0004845826800003941,0.0005000639893997446,-0.000984646669400139,0.05303885265813244,0.031422045553981405,-0.0844608982121138,0.0004933595567392443,0.0005847774212687241,-0.0010781369780079693
-0.16274947423414832,0.22912647866153768,-0.06637700442738922,0.0004870430538767907,0.0005029876439752531,-0.0009900306978520444,0.053220263527970726,0.03139327124370232,-0.08461353477167301,0.0004907552721310252,0.0005846844170294431,-0.0010754396891604692
-0.16248291634160167,0.22928337316489783,-0.066800456823296,0.0004894902327217043,0.000505910833570039,-0.000995401066291744,0.05340414200190132,0.031364563063736126,-0.0847687050656374,0.00048808038987370196,0.0005845914304206531,-0.0010726718202943557
-0.16221543281412934,0.22944012429217503,-0.06722469147804559,0.0004919238577755277,0.0005088335582794595,-0.001000757416054988,0.053590547930812076,0.031335920608399764,-0.08492646853921179,0.0004853325525313966,0.0005844984643117836,-0.001069831016843181
-0.16194701086229357,0.22959673237098183,-0.06764972150868812,0.0004943435582470182,0.0005117558182131568,-0.0010060993764601756,0.05377954323978636,0.03130734347475796,-0.08508688671454427,0.0004825093023252217,0.0005844055215474174,-0.0010669148238726398
-0.16167763738173146,0.22975319772692263,-0.06807556034519105,0.00049674895079878,0.0005146776134949337,-0.0010114265642937144,0.05397119202213768,0.0312788312625894,-0.08525002328472706,0.0004796080758513093,0.0005843126049478795,-0.0010639206807991895
-0.1614072989420722,0.2299095206836077,-0.06850222174153539,0.0004991396390055313,0.0005175989442626356,-0.0010167385832681676,0.054165560638734817,0.031250383574353204,-0.085415944213088,0.0004766261984649371,0.0005842197173098247,-0.0010608459157747626
-0.1611359817753441,0.23006570156266615,-0.06892971978732192,0.0005015152127834292,0.000520519810668032,-0.001022035023451462,0.05436271782297394,0.031222000015155505,-0.0855847178381294,0.00047356087830598755,0.0005841268614068244,-0.0010576877397128128
-0.16086367176384245,0.23022174068375922,-0.06935806891991668,0.0005038752477885912,0.0005234402128767039,-0.0010273154606652958,0.05456273479178292,0.031193680192716365,-0.08575641498449926,0.0004704091999388578,0.0005840340399899513,-0.0010544432399288099
-0.16059035442742628,0.2303776383645933,-0.0697872839371669,0.0005062193047828179,0.0005263601510679316,-0.0010325794558507502,0.054765685363073156,0.03116542371733678,-0.0859311090804099,0.00046716811757761866,0.0005839412557883634,-0.0010511093733659828
-0.16031601491021172,0.23053339492093258,-0.07021738001072078,0.0005085469289643675,0.0005292796254345876,-0.0010378265543989555,0.05497164608008792,0.03113723020186595,-0.08610887628195385,0.00046383444786466977,0.0005838485115098874,-0.001047682959374558
-0.16004063796662543,0.23068901066661196,-0.07064837269998644,0.0005108576492614647,0.0005321986361830305,-0.0010430562854444958,0.05518069634313307,0.031109099261668667,-0.08628979560480171,0.00046040486216833795,0.0005837558098416021,-0.0010441606720099409
-0.1597642079467804,0.23084448591354928,-0.07108027796676879,0.0005131509775860509,0.0005351171835330036,-0.0010482681611190551,0.055392918549215436,0.0310810305145929,-0.08647394906380831,0.0004568758783617814,0.0005836631534504217,-0.0010405390318122042
-0.15948670878113325,0.23099982097175786,-0.07151311219062453,0.0005154264080450826,0.0005380352677175346,-0.0010534616757626178,0.0556083982401585,0.031053023580937523,-0.08666142182109601,0.00045324385204216895,0.0005835705449836797,-0.0010368143970258495
-0.1592081239643788,0.23115501614935866,-0.07194689218497977,0.0005176834161064725,0.0005409528889828403,-0.0010586363050893136,0.05582722425981269,0.03102507808342019,-0.08685230234323287,0.00044950496714535706,0.0005834779870697132,-0.0010329829542150713
-0.1589284365385351,0.23131007175259208,-0.07238163521405686,0.0005199214577165361,0.0005438700475882318,-0.0010637915053047686,0.05604948892103026,0.030997193647145305,-0.08704668256817555,0.0004456552259071597,0.0005833854823184496,-0.0010290407082256105
-0.1586476290751685,0.23146498808583008,-0.07281735901066151,0.0005221399683655442,0.0005467867438060248,-0.00106892671217157,0.05627528818313261,0.030969369899572167,-0.08724465808270476,0.0004416904381177373,0.0005832930333219937,-0.001024983471439732
-0.1583656836567038,0.23161976545158774,-0.07325408179488391,0.0005243383620977135,0.0005497029779214516,-0.001074041340019166,0.05650472184066123,0.03094160647048316,-0.08744632831114436,0.0004376062096105833,0.0005832006426552176,-0.0010208068522658022
-0.15808258185676188,0.23177440415053488,-0.07369182229377295,0.0005265160304616501,0.0005526187502325769,-0.0010791347806942278,0.056737893724273514,0.03091390299195206,-0.08765179671622557,0.00043339792992199544,0.0005831083128763534,-0.0010165062427983501
-0.15779830471946107,0.23192890448150724,-0.07413059976204617,0.0005286723413969335,0.0005555340610502151,-0.0010842064024471495,0.056974911914721635,0.030886259098312427,-0.08786117101303406,0.0004290607590507175,0.0005830160465275874,-0.0010120768055783063
-0.15751283273761468,0.23208326674151797,-0.07457043400390331,0.0005308066380521572,0.0005584489106978528,-0.0010892555487500108,0.05721588897093736,0.03085867442612602,-0.08807456339706336,0.0004245896132405561,0.0005829238461356607,-0.001007513459376218
-0.15722614582975172,0.23223749122576848,-0.07501134539601681,0.0005329182375293389,0.0005613632995115717,-0.0010942815370409116,0.05746094217333954,0.03083114861415129,-0.08829209078749081,0.00041997914970113106,0.00058283171421247,-0.0010028108639136024
-0.1569382233158813,0.23239157822765946,-0.07545335491177821,0.0005350064295491685,0.0005642772278399774,-0.0010992836573891468,0.057710193783584725,0.030803681303311903,-0.0885138750868966,0.00041522375017340277,0.0005827396532556769,-0.0009979634034290809
-0.15664904389191586,0.23254552803880157,-0.07589648414688578,0.000537070475031073,0.0005671906960441284,-0.0011042611710752024,0.057963771322095646,0.030776272136665245,-0.08874004345876087,0.0004103175032371429,0.0005826476657493186,-0.0009929651689864628
-0.15635858560266033,0.23269934094902606,-0.07634075534636584,0.00053910960458154,0.0005701037044974706,-0.0011092133090790115,0.058221807864829625,0.030748920759370968,-0.08897072862420057,0.00040525418524693186,0.0005825557541644276,-0.0009878099394113608
-0.15606682581326756,0.23285301724639526,-0.07678619143312779,0.0005411230168835424,0.0005730162535857728,-0.001114139270469316,0.05848444236088978,0.03072162681865948,-0.08920606917954922,0.0004000272397714495,0.0005824639209596551,-0.000982491160731106
-0.15577374117905143,0.2330065572172127,-0.07723281603816132,0.0005431098769792546,0.0005759283437070671,-0.0011190382206863227,0.05875181997273843,0.03069438996380041,-0.08944620993653879,0.00039462975539760554,0.0005823721685819024,-0.0009770019239795094
-0.15547930761354017,0.23315996114603327,-0.07768065353249318,0.0005450693144375185,0.0005788399752715917,-0.0011239092897091113,0.059024092440946335,0.030667209846071027,-0.08969130228701733,0.0003890544417462421,0.0005822804994669603,-0.0009713349412132038
-0.15518350025464195,0.23331322931567336,-0.0781297290610315,0.000547000421396717,0.0005817511487017366,-0.0011287515700984547,0.059301418475605466,0.03064008611872455,-0.08994150459433,0.00038329360352952707,0.0005821889160401564,-0.0009654825195696847
-0.1548862934287841,0.23346636200722046,-0.07858006857843648,0.0005489022504728138,0.0005846618644319932,-0.001133564114904808,0.0595839641767492,0.030613018436958402,-0.09019698261370758,0.00037733911246148476,0.0005820974207170107,-0.0009594365331784969
-0.1545876606128745,0.23361935950004292,-0.07903169888716857,0.0005507738125213319,0.0005875721229089066,-0.0011383459354302396,0.05987190348636596,0.030586006457882283,-0.09045790994424822,0.00037118237681210047,0.0005820060159039031,-0.0009531883927160051
-0.15428757439392046,0.23377222207179932,-0.07948464767787897,0.0005526140742409349,0.0005904819245910322,-0.001143095998831968,0.060165418674862615,0.030559049840486165,-0.09072446851534875,0.00036481430837175747,0.0005819147039987496,-0.0009467290123705086
-0.15398600642612587,0.2339249499984478,-0.07993894357232206,0.0005544219556050496,0.0005933912699488942,-0.0011478132255539446,0.06046470086513715,0.03053214824560805,-0.09099684911074518,0.0003582252865660342,0.0005818234873916911,-0.0009400487739577267
-0.1536829273852691,0.2340775435542554,-0.08039461616898641,0.0005561963271065952,0.0005963001594649491,-0.0011524964865715452,0.06076995059776036,0.03050530133590161,-0.09127525193366194,0.0003514051194306608,0.0005817323684657949,-0.0009331374878964571
-0.15337830692014826,0.23423000301180683,-0.08085169609165868,0.0005579360067993561,0.0005992085936335521,-0.0011571446004329093,0.06108137844114865,0.03047850877580351,-0.09155988721695214,0.0003443430011222009,0.0005816413495977699,-0.0009259843507199722
-0.1530721136008576,0.23438232864201342,-0.08131021504115593,0.0005596397571178172,0.0006021165729609267,-0.001161756330078745,0.06139920565104096,0.030451770231500568,-0.0918509758825415,0.0003370274656011739,0.0005815504331586958,-0.000918577898759871
-0.1527643148636378,0.23453452071412184,-0.08177020585048408,0.0005613062814553678,0.0006050240979651389,-0.001166330379420508,0.06172366488407799,0.03042508537089656,-0.09214875025497453,0.0003294463360801763,0.000581459621514769,-0.0009109059575949465
-0.15245487695201682,0.2346865794957224,-0.08223170254370568,0.0005629342204786189,0.0006079311691760743,-0.0011708653896546947,0.062055000970831414,0.030398453863578753,-0.09245345483441014,0.00032158666977927144,0.0005813689170280655,-0.0009029555868073383
-0.1521437648539295,0.23483850525275765,-0.0826947403988282,0.0005645221481531606,0.0006108377871354196,-0.0011753599352885816,0.0623934717542514,0.030371875380784053,-0.09276534713503543,0.0003134346974735362,0.0005812783220573222,-0.0008947130195308598
-0.1518309422344743,0.23499029824953027,-0.08315935601505603,0.0005660685674533544,0.0006137439523966477,-0.0011798125198500035,0.06273934900020568,0.03034534959536479,-0.09308469859557045,0.00030497575725205324,0.0005811878389587376,-0.0008861635962107922
-0.15151637136392743,0.2351419587487113,-0.0836255873847839,0.0005675719057256811,0.000616649665525007,-0.0011842215712506896,0.06309291938758381,0.03031887618175406,-0.09341179556933783,0.00029619422183248755,0.000581097470086795,-0.000877291691919284
-0.15120001304059844,0.23529348701134783,-0.08409347397074943,0.0005690305096716791,0.0006195549270975155,-0.0011885854367691964,0.06345448558635165,0.03029245481593058,-0.09374694040228221,0.0002870734186891146,0.0005810072177951084,-0.0008680806364842243
-0.15088182650806392,0.23544488329687066,-0.08456305678880674,0.0005704426399125721,0.0006224597377029581,-0.001192902377615532,0.0638243674329814,0.03026608517538303,-0.09409045260836439,0.00027759554215291783,0.000580917084437292,-0.0008585126265902111
-0.1505617693662686,0.23559614786310168,-0.08503437849683307,0.0005718064650932083,0.0006253640979418884,-0.0011971705630350984,0.06420290321387037,0.030239766939073848,-0.09444267015294418,0.00026774155652793175,0.0005808270723678591,-0.0008485686288957922
-0.1502397974759252,0.23574728096626138,-0.08550748349033617,0.0005731200554778516,0.0006282680084266366,-0.0012013880639044898,0.06459045106872517,0.030213499787402363,-0.0948039508561275,0.00025749108913575704,0.0005807371839431476,-0.000838228273078906
-0.14991586485558134,0.23589828286097575,-0.08598241800539433,0.000574381375984566,0.0006311714697813199,-0.0012055528457658876,0.06498739052745102,0.030187283402167267,-0.09517467392961824,0.000246822312046961,0.0005806474215222772,-0.0008274697335692394
-0.14958992357065068,0.23604915380028307,-0.08645923022963235,0.0005755882785983212,0.0006340744826418594,-0.0012096627612401822,0.0653941241958872,0.03016111746652834,-0.09555524166241551,0.00023571181108016407,0.0005805577874681408,-0.000816269598548306
-0.14926192361362248,0.23619989403564098,-0.08693797042201849,0.0005767384940953676,0.0006369770476560013,-0.0012137155417513705,0.06581107960780698,0.030135001664967374,-0.09594608127277432,0.00022413444044247299,0.0005804682841484311,-0.0008046027245909053
-0.14893181277457263,0.23635050381693273,-0.08741869104236011,0.0005778296230027458,0.0006398791654833437,-0.0012177087884860914,0.06623871126300356,0.03010893568324817,-0.09634764694625168,0.00021206316114312913,0.0005803789139367071,-0.0007924420750798375
-0.14859953650099245,0.23650098339247347,-0.08790144689148102,0.0005788591257067988,0.0006427808367953684,-0.001221639962502169,0.06667750287407025,0.030082919208375632,-0.09676042208244585,0.0001994688610292257,0.0005802896792135017,-0.0007797585402427288
-0.1482650377458319,0.23665133300901647,-0.08838629526318456,0.000579824311613038,0.0006456820622754787,-0.0012255063738885186,0.06712796984772462,0.030056951928553784,-0.09718492177627837,0.00018632015396014337,0.0005802005823674756,-0.0007665207363276202
-0.14792825680251517,0.236801552911759,-0.0888732961092438,0.0005807223272464002,0.0006485828426190432,-0.0012293051698654453,0.06759066203030471,0.030031033533142612,-0.09762169556344728,0.00017258315524627178,0.0005801116257966197,-0.0007526947810428927
-0.14758913112552885,0.23695164334434787,-0.08936251221881905,0.0005815501431655006,0.000651483178533445,-0.0012330333216989476,0.06806616675148502,0.030005163712613716,-0.0980713304640987,0.00015822123001578452,0.000580022811909511,-0.0007382440419252969
-0.14724759513500035,0.23710160454888513,-0.0898540094138848,0.0005823045395465579,0.0006543830707381384,-0.0012366876102846984,0.06855511220544402,0.02997934215850457,-0.09853445436394855,0.0001431947106262095,0.0005799341431266267,-0.0007231288537528376
-0.14690358000347442,0.23725143676593294,-0.09034785676245852,0.0005829820902717627,0.0006572825199647113,-0.001240264610236476,0.06905817121481372,0.029953568563371308,-0.09901173977818498,0.0001274605785874271,0.0005798456218817195,-0.0007073062004691479
-0.14655701342285218,0.2374011402345188,-0.09084412681166663,0.0005835791453324323,0.0006601815269569555,-0.0012437606722893897,0.06957606542994194,0.0299278426207399,-0.09950390805068178,0.00011097210568747272,0.0005797572506232613,-0.0006907293563107353
-0.14620781934917498,0.23755071519214027,-0.09134289584296534,0.0005840918113286374,0.0006630800924709439,-0.0012471719037995834,0.07010957002452525,0.029902164025055564,-0.10001173404958077,9.367844808474e-05,0.0005796690318159612,-0.0006733474799007024
-0.14585591772260692,0.23770016187476933,-0.09184424415216244,0.0005845159298132797,0.0006659782172751152,-0.0012504941470883968,0.07065951895880655,0.029876532471630246,-0.10053605143043676,7.552418601575795e-05,0.0005795809679423627,-0.0006551051539581218
-0.1455012241595869,0.2378494805168566,-0.0923482563572697,0.0005848470531887952,0.0006688759021503676,-0.0012537229553391646,0.0712268108936217,0.029850947656588012,-0.10107775855020967,5.644880042393586e-05,0.0005794930615045284,-0.0006359418619284656
-0.1451436496136707,0.23799867135133526,-0.09285502173766455,0.0005850804178175192,0.0006717731478901605,-0.0012568535657076813,0.07181241585306015,0.029825409276808122,-0.10163782512986824,3.638607618780116e-05,0.000579405315025821,-0.0006157913912136235
-0.1447831000010563,0.2381477346096247,-0.09336463460856839,0.0005852109139506732,0.0006746699553006259,-0.0012598808692513008,0.07241738275091181,0.02979991702986556,-0.10221729978077734,1.526341964937528e-05,0.0005793177310527872,-0.0005945811507021638
-0.14441947578616157,0.2382966705216339,-0.09387719473547232,0.000585233052014013,0.0006775663252006883,-0.001262799377214703,0.0730428479170905,0.02977447061396883,-0.1028173185310593,-6.998924271873763e-06,0.0005792303121571564,-0.0005722313878852839
-0.1440526715218854,0.23844547931576437,-0.09439280779387897,0.0005851409247079546,0.0006804622584221973,-0.0012656031831301535,0.07369004478571003,0.029749069727894685,-0.1034391145136047,-3.0488773056870773e-05,0.000579143060937964,-0.0005486542878810946
-0.14368257533830447,0.23859416121891286,-0.09491158588060836,0.0005849281642834442,0.0006833577558100681,-0.001268285920093514,0.07436031493753473,0.029723714070919467,-0.10408402900845416,-5.530304698603538e-05,0.0005790559800238137,-0.0005237529330377797
-0.14330906837251006,0.23874271645647363,-0.09543364808396351,0.0005845878942380942,0.0006862528182224355,-0.0012708407124605316,0.07505512072752625,0.029698403342746812,-0.10475352407027304,-8.154897481365798e-05,0.0005789690720752887,-0.000497420097261632
-0.1429320241310292,0.23889114525234034,-0.09595912112131108,0.0005841126745353077,0.000689147446530821,-0.0012732601210661304,0.07577605977495741,0.029673137243431204,-0.10544919701838859,-0.00010934549620674482,0.0005788823397875318,-0.0004695368435807883
-0.14255130777476047,0.2390394478289079,-0.09648814005414738,0.0005834944392760267,0.0006920416416203109,-0.0012755360808963394,0.07652488165137701,0.029647915473297034,-0.10617279712467402,-0.0001388248994952072,0.0005787957858930101,-0.00043997088639780415
-0.14216677531451544,0.23918762440707328,-0.09702084909255781,0.0005827244255403556,0.0006949354043897511,-0.0012776598299301086,0.07730350717361117,0.029622737732852605,-0.10692624490646375,-0.00017013474217153718,0.0005787094131644834,-0.0004085746709929475
-0.14177827270302434,0.23933567520623641,-0.09755740250321203,0.0005817930918543114,0.0006978287357519557,-0.001279621827606269,0.07811405079893123,0.029597603722698564,-0.10771165452162977,-0.00020344011284882614,0.0005786232244182015,-0.0003751831115693766
-0.14138563480652613,0.23948360044430025,-0.0980979656377741,0.0005806900244118674,0.000700721636633933,-0.0012814116610458024,0.0789588467327383,0.029572513143430092,-0.10853135987616838,-0.000238926307766513,0.0005785372225173538,-0.000339610914750842
-0.14098868423569696,0.23963140033767072,-0.09864271610197371,0.0005794038287766464,0.0007036141079771292,-0.0012830179367537774,0.07984047950256817,0.0295474656955321,-0.10938794519810026,-0.00027680201340877803,0.0005784514103758038,-0.00030164939696702693
-0.14058723001150047,0.23977907510125562,-0.09919184508975512,0.0005779220042777797,0.0007065061507376911,-0.0012844281550154725,0.08076181993525026,0.029522461079266604,-0.11028428101451684,-0.00031730311071131805,0.0005783657909621401,-0.0002610626802508233
-0.14018106603634448,0.23992662494846342,-0.09974555891211888,0.0005762307976695331,0.0007093977658867506,-0.0012856285635562854,0.08172606770930597,0.029497498994551296,-0.11122356670385726,-0.0003606972475183591,0.0005782803673040857,-0.0002175831197857278
-0.1397699693344074,0.24007405009120117,-0.10030408075679369,0.0005743150318025961,0.0007122889544107319,-0.0012866039862133296,0.08273680195942448,0.02947257914082817,-0.11220938110025264,-0.00040728936696361165,0.0005781951424933101,-0.0001709057755296996
-0.13935369801675024,0.24022135073987175,-0.10086765272312141,0.0005721579039998971,0.0007151797173116837,-0.0012873376213115824,0.0837980418079467,0.029447701216920846,-0.11324574302486752,-0.00045742843385794367,0.0005781101196906984,-0.00012068168583275588
-0.13893198891632794,0.24036852710337037,-0.10143653818704237,0.0005697407474640167,0.000718070055607639,-0.0012878108030716573,0.08491431922296513,0.029422864920879067,-0.1143371841438442,-0.0005115156740289795,0.0005780253021321407,-6.650962810316247e-05
-0.1385045548245206,0.24051557938908052,-0.10201102456455984,0.0005670427472596072,0.0007209599703330052,-0.0012880027175926141,0.0860907673007729,0.029398069949808547,-0.11548883725058146,-0.0005700147401153754,0.0005779406931349145,-7.925953019540304e-06
-0.1380710812433202,0.24066250780286844,-0.10259142655954819,0.0005640406000628629,0.0007238494625389882,-0.0012878900626018526,0.08733322800884853,0.02937331599968394,-0.11670654400853246,-0.0006334643520733862,0.000577856296104748,5.56080559686371e-05
-0.1376312225444321,0.24080931254907734,-0.10317809000464517,0.0005607081037388733,0.0007267385332940526,-0.0012874466370329275,0.08864838470099999,0.0293486027651424,-0.11799698746614239,-0.0007024941470411682,0.0005777721145436695,0.00012472203249749752
-0.1371845973963102,0.2409559938305199,-0.1037713964342096,0.0005570156585924512,0.0007296271836844247,-0.0012866428422768775,0.09004392647035532,0.029323929939254548,-0.11936785640960988,-0.0007778447342425674,0.0005776881520587665,0.00020015658218379978
-0.13673078327972854,0.24110255184846996,-0.10437176856874128,0.0005529296563964476,0.0007325154148146403,-0.0012854450712110896,0.09152875384925427,0.029299297213269133,-0.12082805106252341,-0.0008603933211515858,0.0005776044123720067,0.000282788908779578
-0.13626930985781766,0.2412489868026526,-0.10497967694483486,0.0005484117253809353,0.0007354032278081448,-0.0012838149531890818,0.09311323881622062,0.029274704276326727,-0.12238794309254736,-0.0009511868108603987,0.0005775208993313027,0.0003736659115290948
-0.13579965089156634,0.2413952988912332,-0.10559564799966677,0.0005434177882878437,0.0007382906238079532,-0.0012817084120957986,0.09480955701894567,0.029250150815136825,-0.12405970783408252,-0.001051485051692413,0.0005774376169230489,0.00047404743476936294
-0.1353212142876282,0.24154148831080402,-0.10622027402317566,0.0005378968748640113,0.0007411776039773753,-0.001279074478841388,0.09663211733666617,0.029225636513611267,-0.12585775385027748,-0.0011628180832929163,0.0005773545692864056,0.0005854635140065096
-0.13483332971819967,0.24168755525636937,-0.10685422553816952,0.0005317896074549146,0.0007440641695008173,-0.0012758537769557334,0.09859812461521074,0.02920116105244514,-0.1277992856676559,-0.0012870629890203659,0.0005772717607296826,0.0007097912282906821
-0.13433523304147607,0.24183349992132847,-0.10749826687985223,0.0005250262449738076,0.000746950321584672,-0.0012719765665584813,0.10072832762799061,0.02917672410863389,-0.12990505173662453,-0.0014265487014849217,0.000577189195749258,0.0008493595057356625
-0.13382604644191973,0.24197932249745566,-0.10815327605553575,0.0005175241204400654,0.0007498360614583098,-0.0012673601818983767,0.10304802943195883,0.029152325354912172,-0.132200354786871,-0.0015842014513354006,0.0005771068790516004,0.001007094572283799
-0.13330475274715647,0.24212502317487755,-0.10882027042772091,0.0005091842304604535,0.000752721390375188,-0.0012619056208356431,0.10558847715170244,0.029127964459095407,-0.13471644161079788,-0.0017637506235692595,0.0005770248155791148,0.0011867258079901438
-0.13277016167040273,0.2422706021420466,-0.10950044047164371,0.0004998866142043726,0.0007556063096141009,-0.0012554929238184753,0.10838881327983742,0.029103641083298982,-0.13749245436313642,-0.001970026650364867,0.0005769430105407745,0.0013930836398240918
-0.1322208646143581,0.24241605958571055,-0.11019519497135226,0.0004894839639568049,0.0007584908204805957,-0.0012479747844374024,0.11149888013596745,0.029079354883000987,-0.14057823501896846,-0.0022094031398413377,0.000576861469448806,0.0016325416703925305
-0.13165517286904305,0.24256139569087662,-0.11090622282183338,0.00047779258280595936,0.0007613749243085891,-0.00123916750711455,0.11498336035793859,0.029055105505901357,-0.14403846586383995,-0.002490472481063712,0.0005767801981631541,0.001913692282900557
-0.13107103101077872,0.2427066106407696,-0.11163557962999063,0.0004645792391461677,0.0007642586224622274,-0.0012288378616083966,0.11892808420646767,0.029030892590510914,-0.14795897679697856,-0.0028251138464290833,0.0005766992029461114,0.0022484146434829707
-0.13046589202697836,0.24285170461678174,-0.11238581258980315,0.0004495414443416685,0.0007671419163380502,-0.0012166833606797203,0.12344999874466951,0.029006715764373053,-0.15245671450904255,-0.0032302504685527227,0.0005766184905304763,0.0026536319780222457
-0.129836531023332,0.2429966777984133,-0.11316014677508106,0.0004322767344606405,0.0007700248073675321,-0.0012023015418281741,0.12871363701773872,0.028982574641771796,-0.1576962116595105,-0.0037308832670561467,0.0005765380682060939,0.003154345198850052
-0.12917875565680098,0.24314153036319947,-0.11396277470639826,0.00041223261167110705,0.0007729072970201112,-0.0011851399086912197,0.13495983486135738,0.028958468820696227,-0.16391830368205362,-0.004365644729910376,0.0005764579439319566,0.003789186785978419
-0.12848693267471842,0.24328626248662027,-0.1147993298119016,0.00038862028716153674,0.0007757893868068518,-0.00116440967396839,0.14255930600795597,0.028934397878682044,-0.17149370388663804,-0.005197744481587763,0.000576378126484711,0.004621366355103053
-0.1277531625967214,0.24343087434198632,-0.11567771174526462,0.0003602551668552294,0.0007786710782849583,-0.0011389262451401891,0.15212172400932655,0.028910361366862317,-0.1810320853761889,-0.0063387039447677955,0.0005762986256601709,0.005762405319107624
-0.12696571543462518,0.24357536610028893,-0.11660965066566346,0.0003252332477138588,0.0007815523730634535,-0.0011067856207773136,0.1647456582356812,0.028886358800950602,-0.19363201703663183,-0.008006949415094122,0.0005762194525526123,0.007430729962541509
-0.1261057060143646,0.24371973792999585,-0.11761403191563095,0.0002801856727042882,0.0007844332728104845,-0.0010646189455147741,0.18269745880061464,0.02886238964641561,-0.21155984844703027,-0.010702411410568866,0.0005761406199416341,0.010126270790627232
-0.12513874084661902,0.2438639899967531,-0.11872524915013379,0.00021820913360817012,0.0007873137792628699,-0.0010055229128710414,0.21183231003927144,0.028838453290868187,-0.24067076333013965,-0.015912500438708302,0.0005760621427610691,0.015336438295947233
-0.12398738291397186,0.2440081224629045,-0.12002073954893233,0.00012106066831720516,0.0007901938942380952,-0.0009112545625553017,0.27636166365840914,0.02881454897996303,-0.3051762126383722,-0.031423044422704736,0.000575984037890695,0.030847060384814037
-0.12237512421003491,0.2441521354865527,-0.1217770112765175,-9.602131061887721e-05,0.0007930736196417768,-0.000697052309022901,1.1073324753391165,0.028790675567120356,-1.136123150906237,-0.8321203969355622,0.0005759063075405996,0.8315444906280217
-0.11291405816058069,0.2442960292185757,-0.1313819710579947,-0.008200143301038418,0.0007959529573135012,0.007404190343724915,1.8911741151104833,0.02876681698161003,-1.9199409320920933,-1.619940972029066,0.000575809449144689,1.6193651625799215
-0.10346338305893008,0.2444398036563688,-0.14097642059743845,-0.01629543103090954,0.0007988317141332235,0.01549659931677631,1.889889200873646,0.028742928030346573,-1.918632128903993,-1.6188433108196048,0.0005756327041505602,1.6182676781154541
-0.09401516615184423,0.24458345849887916,-0.15056829234703467,-0.024388576409234468,0.0008017092843550066,0.023586867124879455,1.8895393805172298,0.028718950217224832,-1.918258330734455,-1.6185344635859402,0.0005752931645911865,1.6179591704213487
-0.08456798925375779,0.24472699315854105,-0.160159003904783,-0.03248077566676894,0.0008045846457791356,0.0316761910209898,1.8893805984697685,0.028694828093529173,-1.9180754265632978,-1.6183864552483516,0.0005747067000494289,1.6178117485483017
-0.07512136016714656,0.24487040677981448,-0.16974904661266763,-0.040572440961717984,0.0008074563513555011,0.03976498461036247,1.8892938590097375,0.02867051064750752,-1.9179643696572455,-1.6182984713146835,0.0005737871345675426,1.6177246841801156
-0.06567505066366042,0.24501369826501612,-0.17933864760135546,-0.04866376037991577,0.0008103225171248111,0.047853437862790955,1.8892424573573592,0.02864595283821285,-1.9178884101955724,-1.6182393241521746,0.0005724456166527852,1.6176668785355215
-0.05622893559357297,0.24515686630819658,-0.18892793071462338,-0.05675483420323972,0.0008131808075220291,0.05594165339571768,1.8892112422336842,0.028621117291045703,-1.9178323595247304,-1.6181960847488455,0.0005705902267629383,1.6176254945220825
-0.04678293824132358,0.2452999094379266,-0.19851697119660278,-0.06484572122740423,0.0008160284193924405,0.06402969280801177,1.8891927941173186,0.028595976168154416,-1.9177887702854735,-1.6181623796260027,0.0005681258942918085,1.617594253731711
-0.037337007652399785,0.24544282606987813,-0.20810581841747813,-0.07293645799949974,0.0008188620664649471,0.0721175959330348,1.8891830364614273,0.02857051320468166,-1.9177535496661096,-1.6181346738936504,0.0005649547076231751,1.6175697191860272
-0.027891107876709308,0.24558561456997344,-0.21769450669326385,-0.08102706796634072,0.0008216779664686723,0.08020538999987205,1.8891795295752354,0.02854472587095507,-1.917724255446191,-1.6181108276433853,0.0005609767075538661,1.6175498509358313
-0.01844521235664743,0.2457282733285877,-0.22728306097194,-0.08911756627593359,0.0008244718335404858,0.08829309444239311,1.8891807086346584,0.028518627581553626,-1.9176993362162125,-1.6180894532046879,0.000556091253725039,1.6175333619509626
-0.008999300790362725,0.24587080084578897,-0.236871500055426,-0.09720796249838759,0.0008272388790059226,0.09638072361938167,1.8891855066994392,0.028492249825892255,-1.917677756525332,-1.6180695994243757,0.0005501990412741476,1.6175194003831015
0.00044664271034696167,0.24601319582684664,-0.24645983853719336,-0.10529826227017733,0.0008299738239532274,0.10446828844622413,1.8891931529305581,0.02846564404479644,-1.917658796975355,-1.6180505850072424,0.0005432048158356543,1.6175073801914066
0.009892630738942856,0.24615545728623694,-0.25604808802517953,-0.11338846834846002,0.0008326709271642794,0.11255579742129576,1.8892030577716503,0.028438883029641288,-1.917641940801292,-1.6180319059036044,0.0005350207849594184,1.6174968851186449
0.019338673288063466,0.24629758465714305,-0.26563625794520623,-0.12147858132921338,0.0008353240318028216,0.12064325729741057,1.8892147445970877,0.028412061584442615,-1.9176268061815307,-1.6180131820999566,0.0005255706508272878,1.6174876114491292
0.02878477818491374,0.24643957790208132,-0.2752243560869948,-0.1295686001694596,0.0008379266336725523,0.12873067353578704,1.8892278079192806,0.02838529617904657,-1.9176131040983275,-1.6179941265253126,0.0005147940948607325,1.617479332430452
0.03823095136725627,0.24658143761893347,-0.2848123889861895,-0.1376585225944665,0.000840471972751429,0.1368180506217151,1.8892418878013983,0.0283587233465069,-1.9176006111479058,-1.617974526803342,0.0005026514376581773,1.6174718753656838
0.04767719706292772,0.24672316513554643,-0.2944003621984739,-0.145748345437493,0.0008429531480491342,0.1449053922894439,1.889256654796747,0.028332496650772823,-1.9175891514475203,-1.6179542345040718,0.0004891280932961879,1.6174651064107757
0.05712351791522374,0.2468647625854412,-0.30398828050066473,-0.15383806493950725,0.000845363253684391,0.15299270168582285,1.8892718020924104,0.02830678217597855,-1.9175785842683895,-1.6179331585750543,0.00047423835763251077,1.617458920217422
0.06656991508385182,0.24700623295730617,-0.31357614804115774,-0.16192767702324357,0.0008476955316254593,0.16107998149161812,1.8892870427218549,0.028281752658543508,-1.9175687953803986,-1.6179112607543253,0.00045802804118287485,1.6174532327131428
0.07601638834244227,0.24714758011202664,-0.32316396845446865,-0.17001717754705048,0.0008499435340962198,0.1691672340129543,1.8893021102896652,0.028257580576507783,-1.9175596908661732,-1.6178885514654733,0.0004405755002778866,1.6174479759651956
0.08546293618674847,0.24728880876307127,-0.3327517449498195,-0.17810656253789828,0.000852101286628238,0.1772544612512701,1.8893167619233326,0.028234430692917912,-1.9175511926162507,-1.6178650852061542,0.00042199074583750386,1.617443094460317
0.09490955596167559,0.2474299244189558,-0.3423394803806312,-0.18619582839911203,0.0008541634415545948,0.1853416649575575,1.889330782311102,0.02821245268145323,-1.9175432349925559,-1.6178409548750654,0.00040241250903519106,1.6174385423660302
0.10435624400985948,0.2475709332898858,-0.3519271772997451,-0.19428497208664894,0.0008561254117185901,0.1934288466749304,1.8893439878115632,0.02819177450744668,-1.9175357623190104,-1.6178162848732953,0.0003820033884106279,1.6174342814848848
0.11380299583979123,0.2477118421640303,-0.3615148380038213,-0.20237399124784497,0.0008579834754387009,0.20151600777240636,1.8893562297905402,0.028172497177155417,-1.917528726967696,-1.6177912231545823,0.0003609434486633456,1.6174302797059192
0.12324980630776487,0.24785265826165737,-0.371102464569422,-0.21046288431819474,0.0008597348462052233,0.20960314947198957,1.8893673965722804,0.028154691308158283,-1.917522087880439,-1.6177659326560465,0.0003394228378009582,1.6174265098182457
0.13269666980551403,0.2479933890771119,-0.3806900588826257,-0.2185516505744054,0.0008613777038167103,0.21769027287058879,1.8893774136689632,0.028138395744293686,-1.9175158094132576,-1.6177405826885234,0.0003176340965812815,1.6174229485919422
0.1421435804444545,0.2481340422191003,-0.3902776226635546,-0.22664029014507997,0.000862911187171036,0.225777378957909,1.8893862422371805,0.028123618186137834,-1.917509860423319,-1.6177153408925178,0.0002957648337909125,1.6174195760587273
0.15159053222788582,0.24827462525897329,-0.3998651574868589,-0.23472880398333057,0.0008643353521546194,0.23386446863117608,1.8893938759583642,0.02811033758187631,-1.9175042135402414,-1.6176903662840063,0.0002739913403552518,1.6174163749436516
0.16103751920403814,0.24841514559491906,-0.40945266479895703,-0.24281719380792,0.0008656511005745886,0.24195154270734553,1.8894003367172842,0.02809850786179485,-1.9174988445790797,-1.617665803756073,0.00025247354391725923,1.617413330212156
0.17048453559505866,0.24855561033759122,-0.4190401459326497,-0.2509054620208913,0.0008668600875937921,0.25003860193329763,1.8894056695421588,0.028088062521182094,-1.9174937320633412,-1.6176417802101037,0.000231351503986585,1.6174104287061173
0.1799315758994597,0.2486960262201309,-0.42862760211959056,-0.258993611610021,0.0008679646156144546,0.25812564699440677,1.88940993727526,0.028078919559001242,-1.9174888568342618,-1.6176184023048836,0.00021074345572284103,1.6174076588491608
0.18937863496781127,0.2488363995331812,-0.4382150345009924,-0.26708164604394014,0.0008689675221510207,0.26621267852178926,1.889413215383112,0.02807098634521196,-1.9174842017283242,-1.6175957556634848,0.00019074525713539515,1.617405010406349
0.19882570805329086,0.24897673608358298,-0.44780244413687376,-0.27516956916665586,0.0008698720681858086,0.27429969709847024,1.8894155872168017,0.02806416409241692,-1.917479751309219,-1.617573905281436,0.0001714309945456319,1.61740247428689
0.20827279083997924,0.24911704117410535,-0.4573898320140845,-0.28325738509675447,0.000870681832096477,0.2823867032646582,1.8894171399214466,0.028058351722127593,-1.9174754916435746,-1.617552896836456,0.00015285445531991684,1.6174000423811359
0.21771987945250526,0.24925731960080424,-0.4669771990533095,-0.2913450981350204,0.0008714006127390078,0.2904736975222816,1.8894179610895916,0.028053449022556787,-1.9174714101121486,-1.6175327586012542,0.00013505117614727273,1.6173977074251067
0.22716697045087514,0.2493975756643309,-0.476564546115206,-0.299432712682767,0.0008720323438579497,0.29856068033890926,1.889418136168554,0.028049359081387414,-1.9174674952499418,-1.6175135036930717,0.00011804080582002636,1.6173954628872513
0.2366140608141908,0.2495378131916181,-0.4861518740058088,-0.30752023317195115,0.0008725810207972081,0.3066476521511541,1.8894177465713353,0.02804599003872511,-1.9174637366100609,-1.6174951324427929,0.00010182956950691331,1.6173933028732856
0.24606114791658854,0.24967803556471818,-0.49573918348130663,-0.315607664007195,0.0008730506395530189,0.3147346133676421,1.8894168684040267,0.02804325624317778,-1.9174601246472047,-1.6174776347209803,8.641267516464671e-05,1.617391222045815
0.2555082294982311,0.24981824575404993,-0.5053264752522809,-0.32369500951916097,0.0008734451475488545,0.32282156437161225,1.8894155717057703,0.02804107891168939,-1.91745665061746,-1.6174609921099061,7.177655379113622e-05,1.6173892155561145
0.2649553036336462,0.24995844635383507,-0.5149137499874812,-0.33178227392829407,0.0008737684050909302,0.33090850552320317,1.8894139200951068,0.028039386396616107,-1.9174533064917234,-1.6174451798548857,5.790086892922469e-05,1.6173872789859558
0.2744023686991822,0.25009863961801604,-0.5245010083171981,-0.3398694613177099,0.0008740241562381467,0.33899543716147174,1.889411970723874,0.028038114156703906,-1.917450084880578,-1.6174301685630235,4.476026523502926e-05,1.617385408297788
0.28384942334088503,0.2502388274954021,-0.534088250836287,-0.34795657561392435,0.0008742160077432803,0.34708235960618106,1.8894097744524283,0.028037204516410594,-1.917446978968839,-1.6174159256428928,3.232585100554203e-05,1.6173835997918868
0.2932964664437065,0.25037901166318016,-0.5436754781068864,-0.3560436205741388,0.0008743474147482019,0.3551692731593906,1.889407376174681,0.02803660628361916,-1.9174439824583005,-1.6174024164957552,2.0566426402571105e-05,1.6173818500693522
0.3027434971026318,0.2505191935582383,-0.55326269066087,-0.3641305997788819,0.0008744216720073059,0.3632561781068746,1.889404815236114,0.02803627428136145,-1.9174410895174756,-1.6173896054793182,9.449479286376443e-06,1.6173801560000312
0.31219051459606767,0.2506593744059938,-0.5628498890020612,-0.372217516628932,0.0008744419095410656,0.37134307471939093,1.8894021259013405,0.02803616883598103,-1.9174382947373219,-1.6173774566703336,-1.0580242738702801e-06,1.6173785146946065
0.3216375183616452,0.25079955524659814,-0.5724370736082431,-0.3803043743455853,0.0008744110917645673,0.3794299632538206,1.8893993378392748,0.028036255252832418,-1.9174355930921072,-1.6173659344540952,-1.0989026132556027e-05,1.6173769234802267
0.3310845079744604,0.2509397369585221,-0.5820242449329823,-0.388391175973473,0.00087433201927974,0.3875168439541932,1.8893964766033926,0.028036503301323932,-1.9174329799047165,-1.6173550039682794,-2.0375910873046034e-05,1.6173753798791515
0.34053148312767917,0.25107992027961135,-0.5916114034072903,-0.3964779243852681,0.0008742073326558368,0.3956037170526122,1.8893935640920159,0.028036886723781414,-1.9174304508157973,-1.6173446314265658,-2.925016341689602e-05,1.6173738815899816
0.3499784436153805,0.2512201058257599,-0.6011985494411404,-0.40456462228773865,0.0008740395176455712,0.403690582770093,1.8893906189792298,0.028037382777018314,-1.9174280017562482,-1.6173347843447234,-3.764212638537727e-05,1.6173724264711078
0.3594253893174714,0.25136029410738153,-0.6107856834248528,-0.4126512722287153,0.0008738309113919832,0.41177744131732313,1.8893876571112502,0.028037971811367156,-1.9174256289226173,-1.617325431688834,-4.558083723693201e-05,1.6173710125260699
0.368872320186493,0.25150048554387355,-0.6203728057303666,-0.4207378766046269,0.000873583709273202,0.4198642928953536,1.8893846918660753,0.028038636888975815,-1.917423328755051,-1.6173165439623298,-5.3093928242781435e-05,1.6173696378905715
0.3783192362361322,0.2516406804762713,-0.6299599167124035,-0.42882443766833855,0.0008732999721095553,0.42795113769622883,1.8893817344763328,0.028039363441141815,-1.9174210979174746,-1.6173080932457378,-6.020757519215612e-05,1.617368300820929
0.3877661375312563,0.251780879178285,-0.6395470167095413,-0.4369109575370843,0.0008729816335212804,0.4360379759035629,1.8893787943166163,0.028040138963127,-1.917418933279743,-1.6173000532005188,-6.694648324989529e-05,1.6173669996837676
0.3972130241792983,0.25192108186590256,-0.6491341060452008,-0.44499743820034376,0.0008726305072770564,0.4441248076930665,1.8893758791574478,0.028040952744081218,-1.9174168319015288,-1.617292399046221,-7.333390058962228e-05,1.6173657329468094
0.4066598963228308,0.2520612887057258,-0.6587211850285566,-0.4530838815275466,0.000872248294515384,0.45221163323303093,1.889372995388481,0.028041795629262522,-1.917414791017743,-1.617285107518317,-7.939165229731267e-05,1.6173644991706129
0.4161067541331831,0.2522014998221952,-0.6683082539553782,-0.461170289275527,0.0008718365907540831,0.46029845268477265,1.8893701482137633,0.028042659811561055,-1.917412808025324,-1.6172781568125487,-8.514018860485251e-05,1.6173632970011522
0.4255535978049684,0.2523417153038415,-0.6778953131088097,-0.4692566630956721,0.0008713968926293355,0.4683852662030425,1.8893673418219057,0.0280435386493298,-1.9174108804712353,-1.6172715265203295,-9.059864280326446e-05,1.6173621251631312
0.43500042755140217,0.25248193520868856,-0.6874823627600906,-0.4773430045407302,0.0008709306043260505,0.476472073936404,1.8893645795339122,0.028044426507635487,-1.9174090060415474,-1.6172651975587147,-9.578489523647218e-05,1.6173609824539497
0.44444724360030746,0.2526221595689178,-0.6970694031692252,-0.4854293150712592,0.0008704390436769709,0.484558876027582,1.8893618639312617,0.02804531862022219,-1.9174071825514838,-1.6172591520976212,-0.00010071564062435474,1.6173598677382441
0.4538940461907147,0.25276238839489074,-0.7066564345856053,-0.4935155960617065,0.000869923447919807,0.49264567261378633,1.8893591969666355,0.028046210969696787,-1.917405407936332,-1.6172533734862984,-0.00010540645664155303,1.6173587799429385
0.46334083556997385,0.25290262167861477,-0.7162434572485885,-0.5016018488061222,0.0008693849791105554,0.5007324638270114,1.8893565800594556,0.028047100183677412,-1.917403680243133,-1.6172478461805349,-0.00010987187221563983,1.617357718052749
0.4727876119913093,0.2530428593967275,-0.7258304713880366,-0.5096880745235118,0.0008688247291976506,0.5088192497943138,1.8893540141781866,0.028047983444878848,-1.9174019976230654,-1.6172425556716647,-0.00011412543443056763,1.617356681106094
0.4822343757117557,0.25318310151306356,-0.7354174772248191,-0.517774274362839,0.0008682437247662497,0.5169060306380723,1.8893514999111296,0.028048858413333204,-1.9174003583244628,-1.6172374884181127,-0.00011817977325062441,1.6173556681913621
0.49168112699042066,0.2533233479808608,-0.7450044749712813,-0.525860449407693,0.0008676429314651444,0.5249928064762275,1.8893490375272395,0.028049723159154417,-1.9173987606863938,-1.617232631779973,-0.000122046663534745,1.6173546784435067
0.5011278660870282,0.25346359874465507,-0.7545914648316832,-0.5339466006806386,0.0008670232581309024,0.5330795774225072,1.8893466270283117,0.02805057610444837,-1.91739720313276,-1.617227973956922,-0.0001257370840060564,1.6173537110409268
0.5105745932607038,0.2536038537419053,-0.764178447002609,-0.5420327291472622,0.0008663855606250839,0.5411663435866367,1.8893442681937096,0.0280514159731454,-1.917395684166855,-1.6172235039296228,-0.00012926127298933468,1.617352765202611
0.5200213087689652,0.25374411290438653,-0.7737654216733517,-0.5501188357199348,0.0008657306454010088,0.5492531050745334,1.8893419606186597,0.028052241747688552,-1.9173942023663484,-1.6172192114046748,-0.00013262878083964357,1.6173518401855134
0.5294680128668904,0.2538843761593822,-0.7833523890262726,-0.5582049212613089,0.0008650592728166875,0.5573398619884917,1.8893397037469992,0.02805305263165021,-1.9173927563786495,-1.617215086763076,-0.00013584851906687853,1.6173509352821418
0.5389147058064353,0.2540246434307031,-0.7929393492371383,-0.5662909865875656,0.0008643721602103402,0.5654266144273548,1.889337496899152,0.028053848017472238,-1.9173913449166242,-1.6172111210121185,-0.0001389288062197177,1.617350049818337
0.548361387835882,0.2541649146395569,-0.802526302475439,-0.5743770324714302,0.0008636699847544904,0.5735133624866752,1.8893353392959935,0.028054627458632506,-1.9173899667546257,-1.6172073057405925,-0.00014187741063372673,1.6173491831512252
0.5578080591993952,0.25430518970528937,-0.8121132489046847,-0.5824630596449716,0.0008629533861040029,0.581600106258867,1.8893332300791839,0.02805539064563461,-1.9173886207248179,-1.6172036330771502,-0.00014470159017614912,1.6173483346673254
0.5672547201366738,0.25444546854601324,-0.8217001886826871,-0.5905490688022017,0.0008622229688527289,0.5896868458333484,1.8893311683284642,0.02805613738529943,-1.9173873057137631,-1.6172000956516652,-0.00014740812913745626,1.6173475037808016
0.5767013708826798,0.2545857510791424,-0.8312871219618223,-0.5986350606014883,0.0008614793048126285,0.5977735812966751,1.889329153076345,0.028056867582908165,-1.9173860206592526,-1.6171966865594145,-0.0001500033724295516,1.617346689931843
0.5861480116674372,0.25472603722184234,-0.8408740488892796,-0.6067210356677959,0.0008607229351284336,0.6058603127326668,1.889327183320552,0.02805758122680814,-1.9173847645473594,-1.617193399327909,-0.00015249325725459173,1.6173458925851627
0.5955946427158854,0.2548663268914104,-0.8504609696072958,-0.6148069945947674,0.0008599543722400827,0.6139470402225267,1.8893252580345519,0.028058278375145775,-1.9173835364096972,-1.6171902278861965,-0.00015488334240824133,1.6173451112286037
0.6050412642477827,0.25500662000559376,-0.8600478842533764,-0.622892937946658,0.0008591741017043512,0.6220337638449529,1.8893233761764257,0.028058959144437234,-1.917382335320862,-1.6171871665364668,-0.0001571788353780009,1.6173443453718437
0.6144878764776496,0.25514691648285476,-0.8696347929605043,-0.6309788662601322,0.0008583825838863028,0.6301204836762451,1.8893215366963276,0.028059623699726827,-1.9173811603960536,-1.6171842099277998,-0.0001593846173919518,1.6173435945451906
0.6239344796147459,0.25528721624259104,-0.879221695857337,-0.639064780045936,0.0008575802555304317,0.6382071997904047,1.8893197385427314,0.028060272246117606,-1.9173800107888481,-1.6171813530318937,-0.00016150526656654886,1.617342858298459
0.6333810738630768,0.255427519205316,-0.8888085930683929,-0.6471506797904512,0.0008567675312206372,0.6462939122592297,1.8893179806676357,0.028060905021487993,-1.917378885689123,-1.6171785911206311,-0.00016354507929448636,1.6173421361999243
0.6428276594214222,0.2555678252928059,-0.8983954847142283,-0.6552365659571423,0.0008559448047374869,0.654380621152404,1.8893162620308803,0.028061522290233783,-1.9173777843211133,-1.6171759197453406,-0.00016550809000556325,1.617341427835345
0.6522742364833856,0.2557081344282183,-0.9079823709116039,-0.6633224389879046,0.0008551124503205817,0.6624673265375832,1.8893145816036994,0.02806212433789679,-1.9173767059415954,-1.617173334717626,-0.0001673980894251779,1.6173407328070502
0.6617208052374591,0.2558484465361849,-0.917569251773644,-0.6714082993043187,0.0008542708238432351,0.6705540284804746,1.8893129383716252,0.028062711466560204,-1.9173756498381842,-1.6171708320916394,-0.0001692186414468013,1.617340050733085
0.6711673658671018,0.2559887615428839,-0.9271561274099855,-0.679494147308821,0.0008534202639061139,0.6786407270449141,1.8893113313368335,0.028063283990907132,-1.9173746153277396,-1.617168408147687,-0.00017097309872666746,1.6173393812464125
0.6806139185508275,0.25612907937609397,-0.9367429979269213,-0.6875799833857955,0.0008525610928559687,0.6867274222929387,1.8893097595200163,0.028063842234852747,-1.917373601754868,-1.6171660593770625,-0.00017266461710108892,1.6173387239941623
0.690060463462302,0.25626939996523246,-0.9463298634275343,-0.6956658079025916,0.000851693617735103,0.6948141142848556,1.8893082219618489,0.02806438652867258,-1.9173726084905203,-1.6171637824680127,-0.00017429616891932232,1.617338078636931
0.699507000770446,0.2564097232413808,-0.9559167240118265,-0.7037516212104755,0.0008508181311667754,0.7029008030793079,1.8893067177241136,0.028064917206559965,-1.9173716349306724,-1.6171615742927423,-0.00017587055537781994,1.6173374448481193
0.7089535306395431,0.2565500491372981,-0.965503579776841,-0.7118374236455189,0.0008499349121813248,0.7109874887333368,1.8893052458905313,0.028065434604554605,-1.9173706804950847,-1.6171594318953806,-0.00017739041793503316,1.6173368223133147
0.7184000532293513,0.25669037758742635,-0.9750904308167774,-0.7199232155294293,0.0008490442269874252,0.719074171302441,1.8893038055673457,0.028065939058792063,-1.9173697446261369,-1.6171573524808291,-0.00017885824887968916,1.617336210729708
0.7278465686952166,0.25683070852788603,-0.9846772772231024,-0.7280089971703271,0.000848146329692528,0.7271608508406338,1.8893023958836994,0.02806643090403065,-1.917368826787729,-1.6171553334044264,-0.00018027640111964327,1.6173356098055454
