-1.0,1.0,0.0,0.0,0.0,0.0,0.943059996957217,0.943059996957217,-1.886119993914434,0.01491218753417134,0.01491218753417134,-0.02982437506834268
-0.9990563150030428,1.0009424349969573,-0.001886119993914434,1.491218753417134e-05,1.491218753417134e-05,-2.982437506834268e-05,0.9443128389741161,0.9418128134014584,-1.8861256523755745,0.01491216497491667,0.014912165354631112,-0.02982433032954778
-0.9981113743220518,1.001883625626803,-0.003772251304751149,2.9824329949833343e-05,2.9824330709262226e-05,-5.964866065909556e-05,0.9455713909205535,0.940571237479387,-1.8861426283999405,0.014912096910740429,0.014912099189161835,-0.029824196099902264
-0.9971651722212017,1.0028235774719163,-0.005658405250714315,4.4736381355652196e-05,4.4736385912495014e-05,-8.947276726814721e-05,0.9468357049164159,0.9393352189941572,-1.886170923910573,0.014911982561982406,0.014911989777634927,-0.02982397233961733
-0.996217702912219,1.0037622960647916,-0.0075445931525722956,5.964829507379815e-05,5.964831026453208e-05,-0.00011929660533833022,0.9481058337438367,0.9381047083693974,-1.8862105421132342,0.01491182113516964,0.014911837847187612,-0.02982365898235725
-0.995268960553714,1.0046997868886551,-0.009430826334940783,7.456002362599147e-05,7.456006160687024e-05,-0.0001491200852328617,0.9493818308581722,0.9368796566392753,-1.8862614874974475,0.014911611822730547,0.014911644112477168,-0.029823255935207713
-0.9943189392505026,1.00563605537807,-0.01131711612756719,8.947151871925923e-05,8.947159848948643e-05,-0.00017894311720874565,0.9506637503992,0.9356600154387561,-1.8863237658379561,0.014911353802702185,0.01491140927592934,-0.029822763078631524
-0.9933676330529156,1.0065711069195324,-0.013203473866616695,0.00010438273123139585,0.00010438288015872893,-0.00020876561139012475,0.9519516472025478,0.934445736994051,-1.8863973841965986,0.014911046238430474,0.014911134027981075,-0.02982218026641155
-0.9924150359560976,1.007504946852058,-0.015089910895960389,0.0001192936111961202,0.00011929386654544858,-0.00023858747774156873,0.9532455768113549,0.93323677411325,-1.8864823509246047,0.014910688278263185,0.014910819047317718,-0.029821507325580903
-0.991461141899293,1.008437580467759,-0.016976438568465906,0.00013420410778792221,0.00013420451825336437,-0.00026840862604128656,0.9545455954881753,0.9320330801771363,-1.8865786756653113,0.014910279055235481,0.014910465001104822,-0.029820744056340304
-0.9905059447651213,1.0093690130124124,-0.01886306824729101,0.00014911416930659118,0.00014911479654765823,-0.0002982289658542494,0.9558517602271257,0.9308346091301761,-1.8866863693573017,0.014909817686747817,0.014910072545214712,-0.02981989023196253
-0.9895494383788388,1.0102992496860195,-0.020749811307180507,0.00016402374316141786,0.0001640246633437938,-0.00032804840650521165,0.9571641287662859,0.9296413154716827,-1.8868054442379685,0.01490930327423598,0.014909642324447928,-0.02981894559868391
-0.9885916165075886,1.0112282956433558,-0.022636679135766946,0.0001789327758550631,0.0001789340811965541,-0.0003578668570516172,0.9584827596003576,0.9284531542471477,-1.886935913847505,0.014908734902833043,0.01490917497274969,-0.02981790987558274
-0.9876324728596381,1.0121561559945136,-0.024523683134875518,0.00019384121296708393,0.0001938430132892932,-0.0003876842262563771,0.9598077119935872,0.927270081039738,-1.887077793033325,0.014908111641023016,0.014908671113421517,-0.029816782754444538
-0.9866720010836015,1.0130828358054351,-0.026410834721833594,0.00020874899913710912,0.00020875142342339711,-0.00041750042256050624,0.9611390459929608,0.9260920519619539,-1.8872310979549145,0.014907432540285946,0.014908131359328097,-0.02981556389961405
-0.9857101947676522,1.0140083400984377,-0.028298145330785344,0.0002236560780476558,0.00022365927600794937,-0.0004473153540556052,0.9624768224416765,0.9249190236474448,-1.8873958460891211,0.014906696634734243,0.014907556313099571,-0.02981425294783382
-0.9847470474387182,1.0149326738527302,-0.030185626414011835,0.0002385623924065776,0.00023856653604959626,-0.00047712892845617387,0.9638211029929017,0.9237509532429787,-1.8875720562358802,0.014905902940739953,0.014906946567329308,-0.02981284950806927
-0.9837825525616664,1.0158558420049235,-0.0320732894432571,0.00025346788392913573,0.000253473169142608,-0.0005069410530717437,0.9651719501238226,0.9225877984005627,-1.887759748524385,0.014905050456552752,0.014906302704767308,-0.02981135316132007
-0.9828167035384706,1.0167778494495312,-0.0339611459110606,0.00026837249331968313,0.0002683791414591309,-0.0005367516347788141,0.966529427149994,0.9214295172697103,-1.887958944419704,0.01490413816190837,0.014905625298509341,-0.02980976346041772
-0.9818494937073664,1.017698701039463,-0.035849207332096504,0.0002832761602529525,0.00028328441973962665,-0.0005665605799925792,0.9678935982399949,0.9202760684898534,-1.888169666729848,0.014903165017627177,0.01490491491218192,-0.02980807992980911
-0.9808809163419906,1.018618401586511,-0.037737485244520294,0.0002981788233549375,0.0002981889712834947,-0.0005963677946384322,0.9692645284304,0.9191274111828946,-1.8883919396132942,0.01490212996520266,0.014904172100123224,-0.029806302065325897
-0.9799109646505056,1.0195369558618288,-0.03962599121132309,0.00031308042018335787,0.0003130927639398731,-0.0006261731841232309,0.9706422836410741,0.9179835049458974,-1.888625788586971,0.014901031926379465,0.014903397407560061,-0.02980442933393954
-0.9789396317747084,1.020454368596403,-0.04151473682169424,0.0003279808872076965,0.00032799576609861486,-0.0006559766533063112,0.9720269306907975,0.9168443098439114,-1.8888712405347086,0.01489986980272074,0.014902591370780982,-0.029802461173501736
-0.977966910789124,1.0213706444815167,-0.04340373369239251,0.0003428801597887994,0.0003428979466814351,-0.0006857781064702344,0.9734185373132317,0.915709786402929,-1.8891283237161602,0.014898642475164437,0.014901754517305634,-0.029800396992470085
-0.9769927947000819,1.022285788169209,-0.04529299346912656,0.0003577781721580254,0.0003577992751332261,-0.0007155774472912515,0.9748171721732334,0.914579895602971,-1.889397067776204,0.01489734880356826,0.014900887366050443,-0.029798236169618717
-0.9760172764447775,1.0231998042727228,-0.04718252782794492,0.0003726748573959359,0.000372699721413536,-0.0007453745788094719,0.9762229048835264,0.913454598871299,-1.8896775037548248,0.01489598762624292,0.014899990427490725,-0.02979597805373366
-0.9750403488903149,1.0241126973669517,-0.04907234847663621,0.0003875701474105112,0.0003875992559882076,-0.0007751694033987189,0.9776358060217405,0.9123338580757498,-1.88996966409749,0.014894557759473364,0.014899064203819309,-0.029793621963292688
-0.974062004832734,1.0250244719888744,-0.050962467156139904,0.0004024639729148826,0.0004024978498211746,-0.0008049618227360573,0.9790559471478274,0.9112176355181927,-1.8902735826660197,0.014893057997027597,0.014898109189101755,-0.029791167186129366
-0.9730822369960191,1.025935132637988,-0.052852895641968246,0.00041735626340456635,0.0004173954743664111,-0.0008347517377709776,0.9804834008218626,0.9101058939281026,-1.890589294749965,0.014891487109652754,0.014897125869428264,-0.02978861297908103
-0.9721010380310902,1.0268446837767304,-0.05474364574563983,0.00043224694713418804,0.00043229210156003114,-0.0008645390486942193,0.9819182406222446,0.9089985964562507,-1.890916837078495,0.014889843844558022,0.014896114723062334,-0.02978595856762037
-0.9711184005147746,1.0277531298309004,-0.05663472931612524,0.00044713595109368236,0.0004471877038125358,-0.0008943236549062184,0.9833605411643017,0.9078957066685069,-1.8912562478328083,0.014888126924884022,0.01489507622058627,-0.029783203145470304
-0.9701343169487615,1.0286604751900676,-0.05852615824130545,0.0004620232009839561,0.00046208225400120375,-0.00092410545498516,0.984810378119316,0.9067971885397543,-1.8916075666590701,0.014886335049158242,0.014894010825043607,-0.029780345874201863
-0.969148779758536,1.02956672420798,-0.06041794444944338,0.0004769086211919989,0.00047697572546262306,-0.0009538843466546221,0.9862678282339779,0.905703006447911,-1.8919708346818886,0.014884466890736107,0.01489291899207853,-0.02977738588281465
-0.9681617812922936,1.0304718812029634,-0.06231009991066922,0.0004917921347654283,0.0004918680919853609,-0.0009836602267507893,0.9877329693502808,0.9046131251680587,-1.8923460945183392,0.014882521097227232,0.01489180117007235,-0.029774322267299595
-0.9671733138198354,1.031375950458316,-0.06420263663848005,0.0005066736633864533,0.0005067593278027679,-0.0010134329911892213,0.9892058804258691,0.9035275098666747,-1.8927333902925436,0.014880496289906427,0.014890657800277122,-0.02977115409018356
-0.9661833695314419,1.0322789362226967,-0.06609556669125431,0.0005215531273452411,0.0005216494075859151,-0.0010432025349311565,0.9906866415548512,0.9024461260959665,-1.8931327676508174,0.014878391063108964,0.01488948931694647,-0.029767880380055445
-0.9651919405367257,1.033180842710508,-0.0679889021737817,0.0005364304455126712,0.0005365383064366607,-0.0010729687519493323,0.9921753339890897,0.9013689397883049,-1.8935442737773942,0.014876203983609643,0.014888296147463675,-0.02976450013107333
-0.9641990188634637,1.0340816741022734,-0.06988265523880911,0.0005513055353124604,0.0005514259998808424,-0.0011027315351933033,0.9936720401599836,0.9002959172507552,-1.8939679574107382,0.01487393358998514,0.01488707871246711,-0.029761012302452258
-0.9632045964564058,1.0349814345450097,-0.07177683808860319,0.0005661783126926415,0.0005663124638615949,-0.001132490776554237,0.9951768437007532,0.899227025159704,-1.8944038688604565,0.014871578391959128,0.014885837425973056,-0.029757415817932193
-0.9622086651760622,1.0358801281525931,-0.07367146297653003,0.0005810486920963787,0.0005811976747327885,-0.0011622463668291678,0.996689829469245,0.8981622305555792,-1.8948520600248235,0.014869136869729635,0.014884572695496008,-0.029753709565225654
-0.9612112167974673,1.036777759006121,-0.07556654220865283,0.0005959165864321008,0.0005960816092525869,-0.0011919981956846882,0.9982110835712674,0.8971015008376618,-1.8953125844089285,0.014866607473278073,0.014883284922166472,-0.029749892395444556
-0.9602122430089197,1.0376743311542684,-0.0774620881453479,0.0006107819070429348,0.0006109642445771214,-0.0012217461516200567,0.9997406933844751,0.8960448037589873,-1.8957854971434616,0.014863988621659373,0.014881974500846357,-0.029745963122505742
-0.9592117354106984,1.038569848613639,-0.07935811320293977,0.0006256445636754196,0.0006258455582542796,-0.0012514901219296995,1.0012787475828153,0.894992107421335,-1.8962708550041494,0.014861278702272628,0.014880641820242005,-0.029741920522514644
-0.9582096855137541,1.039464315369111,-0.0812546298553562,0.0006405044644474801,0.0006407255282176055,-0.0012812299926650858,1.0028253361615522,0.893943380270303,-1.8967687164318543,0.014858476070111617,0.014879287263014906,-0.029737763333126537
-0.9572060847383752,1.0403577353741795,-0.08315165063580347,0.0006553615158156427,0.0006556041327803095,-0.0013109656485959524,1.0043805504628875,0.8928985910904683,-1.897279141553355,0.014855579046994595,0.014877911205890165,-0.029733490252884773
-0.9562009244128282,1.041250112551292,-0.0850491881384629,0.0006702156225414693,0.0006704813506293859,-0.0013406969731708553,1.0059444832021907,0.8918577090006289,-1.8978021922028185,0.014852585920772649,0.014876514019762754,-0.02972909994053542
-0.9551941957719707,1.042141450792181,-0.0869472550202091,0.000685066687657188,0.000685357160819835,-0.0013704238484770234,1.007517228494859,0.8908207034491264,-1.8983379319439846,0.014849494944515972,0.014875096069801638,-0.029724591014317625
-0.9541858899558384,1.0430317539581904,-0.08884586400235085,0.0006999146124305012,0.0007002315427689892,-0.0014001461551994907,1.0090988818838247,0.8897875442092495,-1.8988864260930733,0.014846304335677312,0.01487365771555177,-0.0297199620512291
-0.9531759980082031,1.0439210258805995,-0.09074502787239525,0.0007147592963285427,0.0007151044762509386,-0.0014298637725794817,1.0106895403677267,0.888758201374713,-1.899447741742439,0.014843012275231883,0.014872199311034062,-0.02971521158626596
-0.9521645108751029,1.04480927036094,-0.09264475948583574,0.000729600636980965,0.0007299759413910572,-0.0014595765783720226,1.0122893024297681,0.8877326453552143,-1.9000219477849818,0.01483961690679295,0.014870721204843325,-0.02971033811163629
-0.9511514194033435,1.04569649117131,-0.0945450717679652,0.0007444385301421286,0.0007448459186606252,-0.001489284448802754,1.0138982680672766,0.8867108468720649,-1.900609114939341,0.014836116335702315,0.01486922374024427,-0.0297053400759466
-0.9501367143389683,1.0465826920546841,-0.09644597771571442,0.0007592728696523696,0.0007597143888715457,-0.0015189872585239157,1.0155165388219909,0.8856927769538934,-1.9012093157758836,0.01483250862809487,0.014867707255265589,-0.029700215883360474
-0.9491203863256994,1.0474678767252177,-0.09834749039951697,0.0007741035473983183,0.0007745813331711563,-0.001548684880569475,1.0171442178110925,0.8846784069324214,-1.9018226247435133,0.014828791809936365,0.01486617208279216,-0.029694963892728538
-0.948102425903346,1.048352048868549,-0.10024962296520144,0.0007889304532722423,0.0007894467330371301,-0.0015783771863093726,1.0187814097590058,0.8836677084383096,-1.9024491181973147,0.014824963866033504,0.01486461855065543,-0.029689582416688946
-0.9470828235061813,1.0492352121420945,-0.1021523886359116,0.0008037534751303853,0.0008043105702724672,-0.0016080640454028527,1.0204282210299882,0.8826606533970718,-1.9030888744270593,0.014821022739015458,0.01486304698172201,-0.02968406972073748
-0.9460615694612861,1.0501173701753432,-0.10405580071405555,0.0008185724987502732,0.0008191728270005741,-0.0016377453257508474,1.0220847596615348,0.8816572140250576,-1.9037419736865917,0.01481696632828584,0.014861457693980526,-0.029678424022266378
-0.9450386539868583,1.0509985265701447,-0.10595987258328478,0.000833387407786957,0.0008340334856604282,-0.0016674208934473853,1.0237511353986202,0.8806573628255004,-1.90440849822412,0.014812792488944142,0.01485985100062676,-0.029672643489570914
-0.9440140671904887,1.0518786849009942,-0.1078646177105038,0.0008481980837281615,0.0008488925290018275,-0.0016970906127299892,1.025427459728805,0.8796610725846307,-1.905088532313435,0.014808499030675614,0.014858227210147127,-0.029666726240822755
-0.9429877990674006,1.0527578487153137,-0.10977004964791165,0.0008630044058483083,0.0008637499400807225,-0.0017267543459290307,1.0271138459182294,0.8786683163678523,-1.905782162286081,0.014804083716608532,0.014856586626400521,-0.02966067034300907
-0.9419598394986523,1.05363602153373,-0.11167618203507595,0.0008778062511613787,0.0008786057022546287,-0.0017564119534160072,1.0288104090485248,0.8776790675159818,-1.9064894765645062,0.014799544262137714,0.014854929548698569,-0.029654473810836298
-0.9409301782493035,1.054513206850346,-0.11358302860104066,0.0008926034943725838,0.0008934597991781196,-0.0017860632935507033,1.030517266054667,0.8766932996415489,-1.9072105656962155,0.014794878333713174,0.014853256271884314,-0.029648134605597506
-0.9398988049665429,1.055389408133013,-0.11549060316646839,0.0009073960078288052,0.0009083122147983973,-0.0018157082226272021,1.0322345357638039,0.8757109866251558,-1.9079455223889592,0.014790083547592687,0.014851567086409402,-0.029641650634002106
-0.9388657091777758,1.0562646288235962,-0.11739891964581858,0.0009221836614677693,0.0009231629333509384,-0.0018453465948187074,1.0339623389350825,0.874732102611897,-1.908694441546979,0.014785157468557039,0.01484986227840975,-0.029635019746966806
-0.9378308802886727,1.057138872338237,-0.11930799204956236,0.0009369663227659193,0.0009380119393552166,-0.0018749782621211356,1.0357007983005122,0.8737566220078353,-1.909457420308347,0.014780097608586668,0.014848142129779777,-0.029628239738366462
-0.9367943075811748,1.0580121420676118,-0.12121783448643528,0.0009517438566849426,0.0009528592176104979,-0.0019046030742954402,1.0374500386068903,0.872784519476535,-1.9102345580834248,0.014774901425498362,0.014846406918245203,-0.029621308343743585
-0.9357559802114589,1.0588844413771898,-0.1231284611657292,0.0009665161256169159,0.000967704753191707,-0.0019342208788086228,1.0392101866588268,0.8718157699356504,-1.9110259565944765,0.014769566321540605,0.014844656917434461,-0.029614223238975085
-0.9347158872078571,1.0597557736074832,-0.12503988639962424,0.0009812829893280238,0.0009825485314453666,-0.0019638315207733906,1.0409813713629001,0.8708503485535687,-1.9118317199164683,0.014764089641946128,0.014842892396948738,-0.029606982038894884
-0.9336740174687331,1.060626142074297,-0.12695212460556213,0.0009960443049008083,0.0009973905379856045,-0.0019934348428864127,1.0427637237729819,0.8698882307461067,-1.912651954519088,0.014758468673440179,0.014841113622430697,-0.029599582295870893
-0.9326303597603113,1.0614955500689753,-0.1288651903086624,0.0010107999266749043,0.0010122307586902283,-0.002023030685365132,1.044557377136765,0.8689293921732589,-1.9134867693100235,0.0147527006427029,0.014839320855631884,-0.029592021498334804
-0.9315849027144597,1.0623640008586435,-0.13077909814418218,0.0010255497061862143,0.0010270691796968685,-0.002052618885883082,1.0463624669435347,0.8679738087359979,-1.9143362756795321,0.014746782714784227,0.014837514354478871,-0.02958429706926312
-0.9305376348264243,1.0632314976864474,-0.13269386286002147,0.001040293492104473,0.001041905787399186,-0.002082199279503659,1.0481791309732211,0.8670214565731246,-1.9152005875463451,0.014740711991469578,0.014835694373138147,-0.029576406364607746
-0.9294885444525133,1.0640980437717897,-0.13460949931927488,0.0010550311301691533,0.0010567405684431448,-0.002111771698612298,1.0500075093467758,0.8660723120581676,-1.9160798214049428,0.0147344855095946,0.014833861162079787,-0.029568346671674406
-0.9284376198077307,1.0649636423105637,-0.13652602250283136,0.001069762463123662,0.0010715735097233457,-0.0021413359728470072,1.0518477445779126,0.8651263517963322,-1.9169740963742443,0.014728100239307087,0.014832014968139939,-0.029560115207447047
-0.9273848489633574,1.0658282964753825,-0.13844344751202337,0.0010844873306477675,0.0010864045983794248,-0.002170891929027192,1.0536999816262598,0.8641835526214959,-1.9178835342477552,0.01472155308227422,0.014830156034582136,-0.029551709116856378
-0.926330219844478,1.0666920094158068,-0.1403617895713269,0.0010992055692882106,0.0011012338217925102,-0.00220043939108072,1.0555643679519648,0.8632438915932508,-1.9188082595452152,0.014714840869833073,0.014828284601157468,-0.029543125470990562
-0.9252737202274534,1.0675547842585689,-0.14228106403111382,0.0011139170123874338,0.0011160611675817397,-0.0022299781799691733,1.0574410535718055,0.8623073459939922,-1.9197483995657971,0.014707960361082352,0.01482640090416364,-0.02953436126524601
-0.9242153377373344,1.0684166241077946,-0.14420128637045848,0.0011286214900103754,0.0011308866236008374,-0.0022595081136112124,1.05933019111685,0.8613738933260517,-1.920704084442901,0.014700908240913187,0.01482450517650293,-0.029525413417416137
-0.9231550598452197,1.069277532045221,-0.1461224721999996,0.0011433188288692603,0.0011457101779347456,-0.0022890290068040054,1.0612319358917224,0.8604435113088751,-1.9216754472005968,0.01469368111797673,0.014822597647739095,-0.02951627876571584
-0.922092873865551,1.0701375111304123,-0.14804463726485967,0.001158008852246329,0.0011605318188963156,-0.0023185406711426436,1.063146445935523,0.8595161778762426,-1.922662623811765,0.0146862755225862,0.014820678544153205,-0.029506954066739425
-0.9210287669533487,1.0709965644009733,-0.14996779744762315,0.0011726913799144328,0.001175351535023052,-0.002348042914937484,1.065073882084462,0.8585918711735323,-1.9236657532579937,0.014678687904550963,0.01481874808879848,-0.02949743599334946
-0.9199627261013822,1.0718546948727592,-0.15189196877137567,0.001187366228055431,0.0011901693150739125,-0.0023775355431293428,1.0670144080362598,0.8576705695550254,-1.9246849775912844,0.014670914630940035,0.014816806501554104,-0.029487721132494156
-0.9188947381372762,1.0727119055400833,-0.15381716740280574,0.001202033209176313,0.0012049851480261601,-0.002407018357202473,1.0689681904163777,0.8567522515812517,-1.9257204419976286,0.014662951983772411,0.014814853999178071,-0.0294778059829505
-0.9178247897205494,1.0735681993759216,-0.15574340965537095,0.0012166921320229756,0.0012197990230722686,-0.002436491155095244,1.0709353988461374,0.855836896016376,-1.9267722948625128,0.014654796157631413,0.01481289079535907,-0.029467686952990502
-0.9167528673395838,1.074423579332116,-0.15767071199253077,0.0012313428014915754,0.0012346109296168782,-0.002465953731108454,1.0729162060127961,0.854924481825624,-1.9278406878384193,0.01464644325720015,0.014810917100767427,-0.029457360357967595
-0.9156789573085238,1.075278048339573,-0.15959909103104777,0.0012459850185373756,0.0012494208572738034,-0.0024954058758111797,1.0749107877416417,0.8540149881727458,-1.9289257759143867,0.014637889294715115,0.014808933123105123,-0.029446822417820255
-0.9146030457641006,1.0761316093084616,-0.16152856354435954,0.0012606185800810056,0.0012642287958630884,-0.0025248473759440946,1.0769193230701801,0.8531083944175191,-1.9300277174876983,0.014629130187334713,0.01480693906715493,-0.02943606925448966
-0.9135251186623834,1.076984265128408,-0.1634591464660232,0.0012752432789120453,0.0012790347354081132,-0.002554278014320159,1.0789419943244845,0.8522046801132883,-1.9311466744377719,0.014620161754419473,0.01480493513482865,-0.029425096889248138
-0.9124451617754517,1.0778360186686882,-0.1653908568932351,0.0012898589035898447,0.0012938386661327458,-0.0025836975697225905,1.0809789871977837,0.8513038250045415,-1.9322828122023243,0.014610979714720482,0.014802921525214492,-0.02941390123993499
-0.9113631606879878,1.0786868727784173,-0.16732371209042785,0.0013044652383414864,0.0013086405784585422,-0.0026131058168000283,1.0830304908313668,0.8504058090245221,-1.933436299855888,0.014601579683472468,0.01480089843462362,-0.029402478118096105
-0.9102791007937889,1.0795368302867374,-0.1692577294929469,0.0013190620629567897,0.001323440463001993,-0.0026425025259587827,1.0850966978978849,0.8495106122928772,-1.9346073101907613,0.014591957169387767,0.01479886605663586,-0.029390823226023644
-0.9091929672921921,1.080385894003003,-0.1711929267108094,0.0013336491526802618,0.001338238310571814,-0.002671887463252076,1.0871778046871363,0.8486182151133396,-1.935796019800475,0.014582107571547279,0.014796824582144603,-0.0293789321536919
-0.9081047451844146,1.0812340667169638,-0.17312932153254787,0.0013482262780998844,0.0013530341121662823,-0.0027012603902661666,1.0892740111944221,0.8477285979714443,-1.9370026091658656,0.014572026176184305,0.01479477419940092,-0.029366800375585242
-0.9070144192698033,1.0820813511989458,-0.17506693192914116,0.0013627932050326306,0.0013678278589706158,-0.002730621064003246,1.091385521211564,0.8468417415322786,-1.938227262743842,0.01456170815335699,0.01479271509405689,-0.0293544232474139
-0.9059219741419916,1.0829277502000285,-0.17700577605803558,0.0013773496944065986,0.001382619542354396,-0.002759969236760994,1.0935125424206809,0.8459576266382651,-1.939470169058945,0.014551148553504898,0.014790647449208195,-0.02934179600271311
-0.904827394184962,1.0837732664522224,-0.17894587226725905,0.0013918955021396404,0.0013974091538690322,-0.002789304656008672,1.0956552864908224,0.8450762343069762,-1.9407315207977978,0.014540342303885042,0.014788571445435937,-0.029328913749320996
-0.90373066356901,1.0846179026686427,-0.18088723909963117,0.0014064303790143685,0.0014121966852452678,-0.002818627064259636,1.0978139691775657,0.8441975457289814,-1.9420115149065462,0.01452928420488248,0.014786487260847756,-0.029315771465730254
-0.9026317662466069,1.0854616615436805,-0.18282989529707216,0.0014209540705494052,0.0014269821283907276,-0.0028479361989401327,1.0999888104256799,0.8433215422657251,-1.9433103526914042,0.014517968926190346,0.01478439507111822,-0.029302363997308584
-0.9015306859481585,1.086304545753174,-0.184773859805014,0.001435466316866749,0.0014417654753875043,-0.002877231792254253,1.1021800344749753,0.842448205447435,-1.9446282399224093,0.014506391002853955,0.014782295049528528,-0.029288686052382502
-0.9004274061776569,1.0871465579545752,-0.186719151776917,0.0014499668525551131,0.0014565467184897848,-0.002906513571044898,1.1043878699694512,0.8415775169710608,-1.945965386940511,0.014494544831173396,0.01478018736700552,-0.029274732198178933
-0.8993219102082197,1.087987700787116,-0.18866579057889504,0.0014644554065290957,0.0014713258501215154,-0.002935781256650611,1.106612550069868,0.840709458698242,-1.947322008768109,0.014482424664458692,0.014778072192160024,-0.02926049685661873
-0.8982141810775173,1.0888279768719715,-0.19061379579445323,0.0014789317018840302,0.0014861028628741048,-0.0029650345647581353,1.1088543125698698,0.839844012653305,-1.9486983252231738,0.014470024608631426,0.014775949691324551,-0.02924597429995599
-0.89710420158308,1.0896673888124224,-0.1925631872293414,0.0014933954557463584,0.0015008777495041645,-0.002994273205250523,1.1111134000157912,0.8389811610212887,-1.950094561037079,0.014457338617666344,0.014773820028590344,-0.0292311586462567
-0.8959919542774857,1.090505939194014,-0.1945139849165274,0.0015078463791193628,0.0015156505029312857,-0.0030234968820506483,1.1133900598302886,0.8381208861459979,-1.9515109459762856,0.0144443604888662,0.014771683365843797,-0.02921604385471001
-0.8948774214634195,1.0913436305847144,-0.19646620912129398,0.0015222841767240907,0.0015304211162358522,-0.003052705292959943,1.115684544439941,0.8372631705280837,-1.9529477149680239,0.01443108385796276,0.014769539862802269,-0.029200623720765043
-0.8937605851886059,1.0921804655350702,-0.19841988034646343,0.0015367085468352883,0.0015451895826568902,-0.0030818981294921787,1.1179971114069718,0.8364079968231521,-1.954405108230123,0.014417502194036525,0.014767389677049285,-0.029184891871085826
-0.8926414272406057,1.0930164465783605,-0.2003750193377542,0.0015511191811121636,0.0015599558955899507,-0.0031110750767021148,1.1203280235652513,0.8355553478398978,-1.9558833714051482,0.014403608794247399,0.014765232964069158,-0.029168841758316574
-0.8915199291414755,1.0938515762307497,-0.20233164708927373,0.001565515764423783,0.0015747200485850285,-0.003140235813008812,1.1226775491607455,0.8347052065382647,-1.9573827556990093,0.014389396778368134,0.014763069877281022,-0.029152466655649172
-0.8903960721422842,1.0946858569914368,-0.20428978484915222,0.0015798979746688997,0.0015894820353445128,-0.003169380010013413,1.1250459619965836,0.8338575560276322,-1.958903518024215,0.014374859083111969,0.014760900568072312,-0.029135759651184295
-0.8892698372174823,1.095519291342805,-0.20624945412532217,0.0015942654825900067,0.0016042418497211732,-0.0031985073323111805,1.1274335415829275,0.8330123795650258,-1.9604459211479526,0.014359988456245455,0.014758725185831678,-0.029118713642077146
-0.8881412050591183,1.0963518817505669,-0.20821067669144813,0.0016086179515813906,0.0016189994857161761,-0.0032276174372975674,1.1298405732918304,0.8321696605533534,-1.962010233845183,0.014344777450477046,0.014756543877981374,-0.02910132132845843
-0.8870101560708986,1.0971836306639116,-0.21017347459301253,0.0016229550374909608,0.001633754937477136,-0.003256709974968097,1.1322673485172843,0.8313293825396647,-1.9635967310569482,0.014329218417111498,0.014754356790009096,-0.029083575207120606
-0.8858766703620838,1.0980145405156463,-0.21213787015356203,0.0016372763884156135,0.0016485081992961945,-0.0032857845877118084,1.1347141648406633,0.8304915292134356,-1.9652056940540983,0.014313303499459678,0.014752164065499318,-0.029065467564959008
-0.8847407277412174,1.0988446137223384,-0.2141038859811207,0.0016515816444898801,0.0016632592656081345,-0.003314840910098015,1.13718132620178,0.8296560844048753,-1.9668374106066546,0.014297024625992801,0.014749965846164108,-0.02904699047215692
-0.8836023077096803,1.0996738526844558,-0.21607154497477532,0.001665870437667599,0.0016780081309885227,-0.0033438785686561224,1.139669143075781,0.8288230320832564,-1.9684921751590367,0.014280373503229596,0.01474776227187345,-0.029028135775103055
-0.8824613894550659,1.1005022597865048,-0.2180408703314388,0.0016801423914963392,0.0016927547901518815,-0.0033728971816482213,1.1421779326561214,0.827992356355268,-1.9701702890113888,0.014263341608344277,0.014745553480685078,-0.029008895089029364
-0.8813179518443681,1.1013298373971663,-0.2200118855527981,0.0016943971208842877,0.001707499237949893,-0.0034018963588341813,1.1447080190438657,0.8271640414633908,-1.9718720605072557,0.014245920181482586,0.014743339608873834,-0.02898925979035643
-0.8801719734169782,1.1021565878694315,-0.2219846144524533,0.0017086342318593044,0.0017222414693696293,-0.0034308757012289346,1.1472597334435763,0.8263380717842936,-1.973597805227869,0.014228100217772504,0.014741120790960556,-0.02896922100873307
-0.879023432377481,1.102982513540735,-0.22395908116325386,0.0017228533213198326,0.001736981479531814,-0.0034598348008516478,1.1498334143660653,0.8255144318272518,-1.9753478461933163,0.014209872459015506,0.014738897159740506,-0.028948769618756025
-0.8778723065882461,1.1038076167330861,-0.22593531014483995,0.0017370539767773354,0.0017517192636891101,-0.003488773240466447,1.1524294078382926,0.824693106232587,-1.9771225140708786,0.014191227385043538,0.01473666884631136,-0.02892789623135491
-0.8767185735618044,1.1046318997532,-0.22791332619139562,0.0017512357760899196,0.0017664548172244368,-0.0035176905933143577,1.1550480676207147,0.8238740797701264,-1.97892214739084,0.014172155204726028,0.01473443598010074,-0.02890659118482678
-0.8755622104530046,1.1054553648926264,-0.22989315443962163,0.0017653982871867874,0.0017811881356493118,-0.0035465864228361003,1.157689755432398,0.823057337337684,-1.980747092770081,0.014152645846610494,0.014732198688893347,-0.028884844535503853
-0.8744031940509396,1.1062780144278757,-0.23187482037693577,0.0017795410677831406,0.0017959192146022236,-0.0035754602823853654,1.160354841184227,0.8222428639595604,-1.9825977051437864,0.014132688949179337,0.014729957098857637,-0.028862646048036986
-0.8732415007706361,1.1070998506205456,-0.2338583498499092,0.001793663665085146,0.001810648049847027,-0.0036043117149321745,1.1630437032205578,0.8214306447850623,-1.984474348005619,0.014112273850704547,0.014727711334572118,-0.028839985185276678
-0.8720771066444984,1.107920875717446,-0.235843769072947,0.0018077656154845499,0.0018253746372713679,-0.003633140252755919,1.1657567285696766,0.820620665087043,-1.9863773936567184,0.014091389578680976,0.01472546151905122,-0.028816851097732212
-0.8709099873134968,1.10874109195072,-0.23783110463722262,0.001821846444242508,0.0018400989728851297,-0.003661945417127639,1.1684943132034527,0.8198129102604591,-1.9883072234639105,0.014070024838817825,0.014723207773770794,-0.028793232612588635
-0.8697401180180916,1.109560501537967,-0.23982038351987484,0.0018359056651621854,0.0018548210528189096,-0.003690726717981096,1.1712568623065833,0.8190073658209481,-1.9902642281275302,0.014048168003566829,0.014720950218693202,-0.028769118222260047
-0.8685674735888836,1.110379106682362,-0.2418116330934777,0.0018499427802496416,0.0018695408733225161,-0.003719483653572159,1.174044790555857,0.8182040174034231,-1.992248807959279,0.014025807100164463,0.014718688972292048,-0.028744496072456525
-0.8673920284369799,1.111196909572774,-0.2438048811357934,0.001863957279362514,0.0018842584307634937,-0.003748215710126009,1.1768585224098786,0.8174028507606858,-1.9942613731705634,0.014002929798164174,0.014716424151576528,-0.028719353949740716
-0.866213756544064,1.1120139123838835,-0.24580015583981885,0.0018779486398459698,0.0018989737216256694,-0.00377692236147164,1.1796984924097236,0.816603851762057,-1.9963023441717795,0.013979523396433328,0.014714155872115432,-0.028693679268548773
-0.8650326314521605,1.1128301172762982,-0.247797485824137,0.0018919163261553807,0.0019136867425077247,-0.0038056030686631063,1.1825651454910158,0.8158070063920245,-1.9983721518830393,0.013955574809588091,0.014711884248060778,-0.028667459057648885
-0.8638486262530819,1.1136455263966676,-0.24979690014358494,0.001905859789465146,0.001928397490121791,-0.0038342572795869376,1.1854589373079456,0.8150123007489082,-2.0004712380568526,0.013931070553837981,0.014709609392171115,-0.02864067994600911
-0.8626617135775446,1.114460141877796,-0.2517984283002507,0.0019197784672630566,0.0019431059612920669,-0.003862884428555124,1.1883803345697737,0.814219721043541,-2.0026000556133137,0.013905996732210105,0.014707331415834475,-0.028613328148044594
-0.8614718655839424,1.1152739658387545,-0.25380210025481154,0.001933671782929566,0.00195781215295346,-0.0038914839358830267,1.1913298153903957,0.8134292535979677,-2.0047590689883625,0.013880339019121472,0.014705050429091008,-0.028585389448212494
-0.8602790539467638,1.1160870003849919,-0.25580794643822735,0.0019475391453012995,0.001972516062150249,-0.003920055207451549,1.1943078696515734,0.8126408848441583,-2.0069487544957307,0.013854082644265818,0.014702766540655285,-0.02855684918492112
-0.8590832498446392,1.116899247608443,-0.257815997763803,0.001961379948218098,0.0019872176860347705,-0.003948597634252869,1.1973149993804688,0.8118546013227383,-2.0091696007032063,0.013827212375779474,0.014700479857938292,-0.02852769223371778
-0.8578844239480029,1.1177107095876373,-0.2598262856396338,0.0019751935700528583,0.002001917021866126,-0.003977110591918985,1.2003517191421564,0.8110703896817342,-2.01142210882389,0.013799712502648663,0.014698190487069112,-0.028497902989717792
-0.856682546406355,1.1185213883878062,-0.26183884198145074,0.001988979373223395,0.002016614067008909,-0.004005593440232305,1.2034185564478221,0.8102882366753337,-2.013706793123155,0.013771566816318396,0.014695898532916307,-0.028467465349234722
-0.8554775868351073,1.1193312860609879,-0.2638536992258801,0.002002736703685495,0.0020313088189319586,-0.0040340455226174545,1.2065160521793963,0.8095081291626618,-2.016024181342057,0.013742758591460692,0.01469360409910901,-0.028436362690569723
-0.8542695143019963,1.1201404046461314,-0.26587089034413486,0.0020164648904063163,0.002046001275207127,-0.004062466165613445,1.209644761031414,0.808730054106571,-2.0183748151379843,0.013713270565857357,0.014691307288057724,-0.028404577853915102
-0.8530582973130446,1.120948746169201,-0.2678904488561561,0.0020301632448172097,0.002060691433508074,-0.004090854678325285,1.2128052519709367,0.8079539985724458,-2.0207592505433816,0.01368308491934973,0.014689008200974848,-0.0283720931203246
-0.8518439037980544,1.1217563126432764,-0.26991240884522166,0.002043831060245016,0.0020753792916090768,-0.004119210351854094,1.2159981087164147,0.8071799497270219,-2.0231780584434356,0.013652183251804962,0.01468670693789492,-0.028338890189699904
-0.8506263010956118,1.1225631060686552,-0.27193680497304296,0.00205746761132082,0.0020900648473838636,-0.004147532458704685,1.2192239302364267,0.8064078948372191,-2.0256318250736447,0.013620546560045216,0.014684403597694611,-0.028304950157739848
-0.8494054559375815,1.123369128432951,-0.27396367249536896,0.0020710721533651064,0.002104748098804466,-0.004175820252169574,1.2224833312692793,0.8056378212689871,-2.028121152538265,0.013588155213682817,0.014682098278112439,-0.028270253491795277
-0.8481813344330732,1.1241743817111933,-0.2759930472781195,0.0020846439217481853,0.0021194290439400885,-0.0042040729656882755,1.2257769428645107,0.8048697164861658,-2.0306466593506753,0.013554988929800848,0.01467979107576824,-0.02823478000556911
-0.8469539020518525,1.1249788678659236,-0.2780249658140703,0.002098182131224708,0.002134107680956002,-0.004232289812180712,1.2291054129473997,0.804103568049358,-2.0332089809967564,0.013521026746414784,0.014677482086182395,-0.0281985088325972
-0.8457231236071784,1.125782588847292,-0.280059465240113,0.002111685975241015,0.0021487840081124534,-0.004260469983353469,1.2324694069076523,0.8033393636148152,-2.035808770522466,0.013486246994646688,0.01467517140379481,-0.02816141839844152
-0.8444889632380372,1.1265855465931534,-0.2820965833551152,0.002125154625214001,0.002163458023763592,-0.004288612648977594,1.2358696082134994,0.8025770909333356,-2.0384466991468337,0.01345062726953904,0.01467285912198367,-0.02812348639152273
-0.8432513843907513,1.1273877430291588,-0.28413635863840664,0.002138587229780093,0.0021781297263564203,-0.0043167169561365145,1.2393067190525189,0.8018167378491755,-2.041123456901693,0.01341414439943056,0.014670545333083951,-0.02808468973251453
-0.8420103497999322,1.1281891800688515,-0.2861788302689186,0.002151982914012862,0.0021927991144297596,-0.004344782028442623,1.2427814610005723,0.8010582922989713,-2.0438397532995425,0.013376774413811285,0.014668230128405731,-0.028045004542217037
-0.8407658214687502,1.1289898596137566,-0.28822403814500575,0.002165340778607715,0.0022074661866132318,-0.004372806965220949,1.2462945757203303,0.8003017423106746,-2.046596318031004,0.013338492509568714,0.01466591359825227,-0.028004406107821005
-0.8395177606484915,1.1297897835534727,-0.2902720229049806,0.0021786598990319993,0.002222130941626264,-0.004400790840658265,1.2498468256909514,0.7995470760024985,-2.0493939016934486,0.013299273015530926,0.014663595831937886,-0.027962868847468833
-0.8382661278173683,1.1305889537657616,-0.29232282594839265,0.0021919393246387768,0.0022367933782771075,-0.004428732702915886,1.2534389949705762,0.798794281581875,-2.05223327655245,0.013259089355206324,0.014661276917805633,-0.027920366273011976
-0.8370108826585504,1.1313873721166365,-0.29437648945808553,0.002205178077742412,0.002251453495461875,-0.004456631573204289,1.2570718899934012,0.7980433473444242,-2.0551152373378243,0.013217914007612805,0.014658956943244771,-0.027876870950857596
-0.8357519840373816,1.1321850404604505,-0.2964330564230683,0.0022183751526540026,0.0022661112921635966,-0.004484486444817601,1.2607463404032078,0.7972942616729335,-2.05804060207614,0.013175718466081886,0.014656635994708064,-0.02783235446078997
-0.834489389977744,1.1329819606399825,-0.2984925706622378,0.002231529514674576,0.002280766767451291,-0.0045122962821258685,1.2644631999253397,0.7965470130363485,-2.061010212961687,0.013132473194915416,0.014654314157728873,-0.02778678735264431
-0.8332230576375309,1.1337781344865232,-0.30055507684899163,0.0022446400990438335,0.002295419920479054,-0.00454006001952289,1.2682233472792526,0.7958015899887734,-2.064024937268025,0.013088147583764025,0.01465199151693809,-0.027740139100702135
-0.8319529432831855,1.1345735638199599,-0.3026206205367738,0.0022577058098421036,0.0023100707504851666,-0.004567776560327273,1.27202768713389,0.7950579811684826,-2.0670856683023717,0.013042709899587293,0.014649668156080878,-0.027692378055668192
-0.8306790022632631,1.13536825044886,-0.3046892481855964,0.002270725518843008,0.0023247192567912157,-0.004595444775634227,1.2758771511082942,0.7943161752969411,-2.0701933264052346,0.01299612723604575,0.014647344158033277,-0.02764347139407905
-0.8294011889809688,1.136162196170554,-0.3067610071895843,0.0022836980643141953,0.002339365438801233,-0.004623063503115431,1.2797726988200109,0.7935761611778356,-2.0733488599978456,0.012948365460164134,0.014645019604818616,-0.02759338506498277
-0.828119456865623,1.1369554027712159,-0.3088359459055921,0.002296622249763336,0.002354009296000853,-0.004650631545764192,1.2837153189840211,0.7928379276961145,-2.0765532466801346,0.012899389156093798,0.01464269457762379,-0.02754208373371761
-0.8268337583430009,1.137747872025946,-0.3109141136829446,0.002309496842626383,0.0023686508279564806,-0.004678147670582867,1.2877060305651145,0.7921014638170379,-2.0798074943821514,0.0128491615657897,0.014640369156815394,-0.027489530722605113
-0.8255440448044928,1.1385396056988497,-0.3129955608943564,0.0023223205728949156,0.0023832900343144837,-0.004705610607209402,1.291745883986811,0.7913667585852358,-2.0831126425720456,0.012797644526403884,0.0146380434219557,-0.027435687948359603
-0.8242502665750272,1.1393306055431165,-0.3150803389680886,0.0023350921316791905,0.002397926914800392,-0.0047330190464795864,1.2958359624001567,0.7906338011237753,-2.086469763523931,0.01274479840418278,0.014635717451818507,-0.027380515856001306
-0.8229523728796925,1.1401208733010975,-0.3171685004214042,0.002347810169703281,0.0024125614692181207,-0.004760371638921406,1.2999773830159387,0.7899025806332375,-2.089879963649175,0.012690582024639761,0.014633391324404875,-0.027323973349044656
-0.8216503118089953,1.140910410704383,-0.319260098895387,0.00236047329572847,0.002427193697449202,-0.004787666993177676,1.3041712985041154,0.7891730863908007,-2.0933443848949147,0.01263495259875729,0.014631065116958709,-0.027266017715716018
-0.8203440302826842,1.1416992194738789,-0.32135518919119405,0.0023730800749007957,0.0024418235994520384,-0.004814903674352837,1.3084188984645233,0.788445307749334,-2.096864206213856,0.012577865644954268,0.014628738905982248,-0.027206604550936535
-0.8190334740120662,1.1424873013198815,-0.3234538273078147,0.0023856290270183786,0.002456451175261167,-0.0048420802022795485,1.3127214109732042,0.7877192341364966,-2.1004406451096993,0.012519274906534034,0.014626412767251443,-0.027145687673785498
-0.8177185874607378,1.143274657942152,-0.3255560704814135,0.002398118624713864,0.0024710764249865416,-0.004869195049700408,1.3170801042090097,0.7869948550538467,-2.104074959262855,0.01245913226430641,0.014624086775831224,-0.027083219040137652
-0.8163993138036482,1.1440612910299894,-0.32766197722634044,0.0024105472915469917,0.0024856993488128294,-0.004896246640359823,1.3214962881654748,0.7862721600759566,-2.1077684482414303,0.01239738764405327,0.01462176100609067,-0.02701914865014396
-0.8150755948844068,1.144847202262304,-0.32977160737789635,0.0024229134000019704,0.002500319946998723,-0.0049232333470006955,1.3259713164533111,0.7855511388495352,-2.111522455302845,0.012333988918481108,0.014619435531718102,-0.02695342445019923
-0.8137473711707416,1.1456323933076884,-0.3318850221369461,0.0024352152693839536,0.0025149382198762656,-0.004950153489260222,1.3305065881992681,0.784831781092558,-2.115338369291825,0.01226888180327563,0.01461711042573608,-0.02688599222901173
-0.8124145817080084,1.146416865824489,-0.33400228411648,0.0024474511636085215,0.002529554167850195,-0.0049770053314587195,1.335103550047533,0.7841140765934032,-2.119217626640935,0.01220200974684255,0.014614785760516327,-0.026816795507358895
-0.8110771640706467,1.1472006214608752,-0.336123457390228,0.0024596192888776385,0.002544167791397298,-0.0050037870802749395,1.3397636982703018,0.7833980152099941,-2.123161713480295,0.012133313813284915,0.014612461607794591,-0.026745775421079525
-0.8097350543114679,1.147983661854909,-0.3382486075434406,0.0024717177912350913,0.002558779091065784,-0.005030496882300878,1.344488580994659,0.7826835868689489,-2.127172167863607,0.012062732558130543,0.014610138038685437,-0.026672870596815997
-0.8083881869086573,1.148765988634613,-0.3403778017259552,0.0024837447539939,0.002573388067474669,-0.005057132821468572,1.349279800553442,0.7819707815647351,-2.1312505821181764,0.011990201896282733,0.014607815123696986,-0.026598017019979738
-0.807036494710361,1.1495476034180385,-0.3425111087076769,0.0024956981950276565,0.002587994721313178,-0.005083692916340838,1.3541390159683704,0.7812595893588301,-2.1353986053272,0.011915654961623428,0.014605492932745616,-0.026521147894369063
-0.8056799088767206,1.1503285078133307,-0.3446485989366096,0.0025075760639171464,0.00260259905334016,-0.00511017511725731,1.3590679455743484,0.7805500003788877,-2.139617945953235,0.011839021957649689,0.014603171535170609,-0.02644219349282032
-0.8043183588192122,1.1511087034187961,-0.3467903445995834,0.002519376238942956,0.0026172010643835193,-0.005136577303326479,1.364068369794573,0.7798420048179091,-2.1439103746124815,0.011760229998471445,0.014600850999748782,-0.026361080998220248
-0.8029517721371314,1.1518881918229664,-0.34893641968583455,0.0025310965239140897,0.002631800755339658,-0.005162897279253751,1.3691421340768288,0.7791355929334195,-2.1482777270102478,0.011679202939440466,0.014598531394709085,-0.026277734334149573
-0.8015800745510586,1.152666974604663,-0.3510869000536039,0.0025427346448218375,0.002646398127172938,-0.005189132771994778,1.374291152002198,0.7784307550466487,-2.1527219070488464,0.011595861196616744,0.014596212787747184,-0.02619207398436395
-0.8002031898331271,1.1534450533330598,-0.35324186349993225,0.0025542882463073235,0.0026609931809151526,-0.005215281427222479,1.3795174085783268,0.7777274815417167,-2.157244890120043,0.011510121554208448,0.014593895246040052,-0.026104016800248524
-0.798821039733902,1.1542224295677463,-0.35540138983384395,0.0025657548879302544,0.0026755859176650176,-0.005241340805595276,1.384822963730386,0.7770257628648225,-2.161848726595208,0.011421896959044536,0.014591578836260543,-0.026013475795305104
-0.7974335439056662,1.1549991048587893,-0.35756556095312264,0.0025771320402254126,0.0026901763385876734,-0.0052673083788130895,1.3902099560039625,0.7763255895234381,-2.1665355455274002,0.011331096301054224,0.01458926362459199,-0.02592035992564624
-0.796040619821894,1.1557750807467932,-0.3597344609248988,0.002588417080532363,0.0027047644449142015,-0.005293181525446568,1.395680606495317,0.7756269520855047,-2.1713075585808217,0.011237624178633927,0.014586949676742829,-0.025824573855376783
-0.7946421826926756,1.1565503587629604,-0.3619081760702843,0.0025996072885826806,0.0027193502379411587,-0.005318957526523844,1.4012372230257566,0.7749298411786326,-2.176167064204389,0.011141380647678993,0.01458463705796124,-0.025726017705640262
-0.7932381453758425,1.1573249404291504,-0.36408679505330754,0.002610699841827721,0.0027339337190301237,-0.005344633560857849,1.4068822045783154,0.7742342474893041,-2.181116452067619,0.011042260952943432,0.014582325833049843,-0.025624586785993303
-0.791828418283519,1.1580988272579387,-0.36627040897441954,0.0026216918104885675,0.002748514889607258,-0.00537020670009583,1.4126180460165307,0.773540161762079,-2.1861582077786093,0.010940155240264583,0.014580016066380442,-0.025520171306645054
-0.7904129092838095,1.1588720207526744,-0.3684591114688648,0.0026325801523082505,0.0027630937511628844,-0.005395673903471139,1.4184473431068378,0.7728475747988015,-2.191294917905639,0.010834948248049887,0.014577707821908835,-0.025412656069958753
-0.7889915235973054,1.1596445224075362,-0.37065299881023084,0.0026433617069846673,0.0027776703052510756,-0.005421032012235747,1.424372797868041,0.7721564774578107,-2.1965292753258514,0.010726518976267937,0.014575401163189687,-0.025301920139457656
-0.7875641636880735,1.16041633370759,-0.37285217001951654,0.002654033190260786,0.0027922445534892637,-0.005446277743750054,1.430397224273434,0.7714668606531505,-2.201864084926584,0.010614740331013903,0.014573096153391517,-0.02518783648440545
-0.7861307291487586,1.1611874561288424,-0.375056726980084,0.0026645911876466946,0.002806816497557859,-0.005471407685204558,1.4365235543334884,0.7707787153537823,-2.20730226968727,0.010499478742528276,0.014570792855311751,-0.02507027159784006
-0.7846911165794066,1.1619578911382973,-0.37726677455889107,0.0026750321477458424,0.0028213861391998872,-0.005496418286945734,1.4427548445896181,0.7700920325827976,-2.212846877172415,0.010380593754335069,0.01456849133139192,-0.024949085085727022
-0.7832452194595794,1.1627276401940079,-0.3794824207344289,0.002685352375155365,0.0028359534802206423,-0.005521305855376012,1.4490942830523912,0.7694068034166311,-2.2185010864690216,0.010257937580928573,0.014566191643732965,-0.02482412922466157
-0.7817929280133017,1.1634967047451303,-0.38170377673182915,0.0026955480229077,0.002850518522487353,-0.005546066545395058,1.4555451966207407,0.7687230189842742,-2.224268215605014,0.010131354631173296,0.014563893854110692,-0.02469524848528402
-0.7803341290663378,1.1642650862319763,-0.3839309571656389,0.002705615084417712,0.0028650812679288638,-0.005570696352346581,1.4621110590222446,0.7680406704664869,-2.2301517294887305,0.010000680994286238,0.014561598023991377,-0.02456227901827765
-0.7788687058952571,1.1650327860860634,-0.38616408019080656,0.0027155493848962727,0.0028796417185353355,-0.005595191103431613,1.4687954993184607,0.7673597490950103,-2.23615524841347,0.009865743884940138,0.014559304214547559,-0.024425048099487732
-0.7773965380677008,1.1657998057301664,-0.38840326766246586,0.0027253465721875925,0.0028941998763579585,-0.005619546448545556,1.4756023110236585,0.7666802461517757,-2.2422825571754332,0.009726361043656052,0.014557012486674008,-0.024283373530330093
-0.7759175012732098,1.1665661465783668,-0.39064864530515747,0.002735002106983585,0.0029087557435086833,-0.005643757850492273,1.4825354618901367,0.7660021529681138,-2.24853761485825,0.009582340088238177,0.014554722901003908,-0.02413706298924212
-0.7744314671439205,1.1673318100361023,-0.3929003428921824,0.002744511252364069,0.002923309322159966,-0.00566782057452404,1.48959910441873,0.76532546092396,-2.2549245653426895,0.00943347781153712,0.014552435517925268,-0.023985913329462424
-0.7729383030643724,1.1680967975002146,-0.3951584944358429,0.0027538690626066594,0.0029378606145445334,-0.0056917296771511975,1.496797587159149,0.7646501614470571,-2.2614477486062055,0.009279559420302511,0.01455015039759758,-0.023829709817900127
-0.7714378719696023,1.1688611103589965,-0.3974232383893948,0.0027630703712046745,0.002952409622955161,-0.00571547999415984,1.5041354668715654,0.7639762460121541,-2.268111712883719,0.009120357709293937,0.01454786759996874,-0.023668225309262714
-0.7699300321306293,1.169624749992239,-0.3996947178616103,0.0027721097780252476,0.0029669563497444706,-0.005739066127769723,1.5116175216284289,0.7633037061402013,-2.2749212277686297,0.008955632164150854,0.014545587184792277,-0.023501219348943166
-0.7684146369263455,1.170387717771277,-0.40197308084493205,0.002780981635532976,0.0029815007973247455,-0.005762482432857726,1.519248764944009,0.7626325333975402,-2.2818812983415486,0.008785127985766519,0.014543309211644874,-0.023328437197411428
-0.7668915346007412,1.1711500150590342,-0.4042584804582934,0.0027896800339967803,0.0029960429681677603,-0.005785723002164546,1.5270344610287163,0.7619627193950878,-2.2889971804238036,0.008608575028055022,0.014541033739944248,-0.023149608767999305
-0.765360568004288,1.1719116432100671,-0.40655107520577966,0.002798198785589086,0.0030105828648046336,-0.005808781650393726,1.534980141276024,0.7612942557875142,-2.2962743970635375,0.008425686640029347,0.014538760828967394,-0.022964447468996774
-0.7638215743181891,1.1726726035706092,-0.40885102925242045,0.002806531407276839,0.003025120489825695,-0.00583165189710254,1.5430916221019497,0.760627134272414,-2.303718756374363,0.008236158402004408,0.014536490537869224,-0.022772648939873665
-0.762274384760084,1.1734328974786121,-0.4111585127185284,0.002814671102393095,0.003039655845880372,-0.005854326948273474,1.5513750242707853,0.7599613465894688,-2.3113363708602535,0.008039666744481786,0.014534222925701638,-0.022573889670183457
-0.7607188242696475,1.1741925262637882,-0.41347370199414096,0.0028226107407658026,0.003054188935677098,-0.005876799676442908,1.5598367938562852,0.7592968845196013,-2.3191336783758856,0.007835867436838406,0.014531958051433053,-0.022367825488271494
-0.7591547111723714,1.1749514912476513,-0.41579678007528015,0.0028303428372667716,0.0030687197619832384,-0.005899062599250017,1.5684837250051422,0.7586337398841198,-2.327117464889261,0.007624393931301331,0.01452969597396844,-0.022154089905269805
-0.7575818568196372,1.1757097937435566,-0.41812793692391953,0.0028378595286284052,0.003083248327625035,-0.005921107856253448,1.577322984689595,0.7579719045438515,-2.3352948892334457,0.007404855545812188,0.014527436752169876,-0.0219322922979821
-0.7560000652029922,1.1764674350567392,-0.4204673698537471,0.0028451525483583957,0.0030977746354875777,-0.005942927183845982,1.5863621396587915,0.7573113703982645,-2.343673510057055,0.007176835467227866,0.014525180444877708,-0.021702015912105608
-0.7544091325403196,1.1772244164843533,-0.42281528394403367,0.0028522131995628607,0.00311229868851479,-0.00596451188807766,1.595609185824535,0.7566521293845757,-2.35226131520911,0.006939888553822946,0.0145229271109323,-0.02146281566475528
-0.7528088468313431,1.1779807393155084,-0.4251718924841653,0.0028590323254660418,0.003126820489709442,-0.005985852815175492,1.6050725803467594,0.7559941734768462,-2.3610667538236045,0.0066935389131982945,0.014520676809196479,-0.021214215722394805
-0.751198987379626,1.178736404831307,-0.42753741745168083,0.0028656002773892577,0.003141340042133183,-0.006006940319522449,1.6147612767181294,0.7553374946850591,-2.3700987714031876,0.006437277228393926,0.01451842959857869,-0.020955706826972648
-0.7495793242779067,1.1794914143048787,-0.42991209002697167,0.00287190687992283,0.0031558573489065996,-0.006027764228829438,1.6246847631862755,0.7546820850541817,-2.379366848240456,0.006170557801174025,0.01451618553805693,-0.020686743339230984
-0.7479496178532534,1.1802457690014154,-0.4322961511481618,0.002877941392991606,0.003170372413209297,-0.006048313806200911,1.6348531048971797,0.7540279366632086,-2.3888810415603876,0.005892795277004102,0.01451394468670352,-0.02040673996370765
-0.7463096180681124,1.180999470178205,-0.4346898521100925,0.0028836924704768382,0.0031848852382800065,-0.006068577708756853,1.6452769901951745,0.7533750416241843,-2.398652031819358,0.0056033610110618245,0.014511707103710778,-0.020115068114772632
-0.7446590638728631,1.1817525190846636,-0.43709345521180054,0.0028891481150137292,0.0031993958274167183,-0.006088543942430457,1.6559677815750888,0.7527233920812042,-2.408691173656292,0.005301579028578228,0.014509472848417679,-0.019811051876995937
-0.7429976825049622,1.1825049169623674,-0.4395072344574051,0.0028942956285339942,0.0032139041839768416,-0.006108199812510845,1.666937571851756,0.7520729802093908,-2.4190105520611462,0.0049867215257306426,0.014507241980337544,-0.019493963506068218
-0.7413251887291595,1.1832566650450824,-0.44193147631592283,0.00289912155806519,0.0032284103113773936,-0.006127531869442593,1.6781992461931157,0.7514237982138446,-2.4296230444069593,0.004658003849003584,0.014505014559186891,-0.019163018408190506
-0.7396412840125759,1.184007764558795,-0.444366480546219,0.002903611636232001,0.003242914213095216,-0.0061465258493272265,1.6897665507576178,0.7507758383285653,-2.440542389086182,0.004314578881156795,0.014502790644915492,-0.018817369526072318
-0.7379456556276442,1.1847582167217394,-0.44681256109409523,0.0029077507158275034,0.003257415892667225,-0.006165166608494738,1.7016541687871256,0.7501290928153429,-2.4517832616024675,0.003955530750394613,0.014500570297737776,-0.01845610104813242
-0.7362379756750017,1.1855080227444257,-0.449270047069424,0.0029115226977327897,0.0032719153536906916,-0.006183438051423492,1.7138778051361006,0.7494835539626142,-2.463361359098714,0.0035798677656552376,0.014498353578165668,-0.01807822134382094
-0.734517900017372,1.1862571838296647,-0.4517392838122926,0.0029149104513588138,0.0032864125998235565,-0.00620132305118238,1.726454280370343,0.7488392140842827,-2.4752934944546245,0.0031865144646856776,0.014496140547042987,-0.017682655011728696
-0.732785067114261,1.187005701172594,-0.4542206340583332,0.002917895726662161,0.0033009076347847778,-0.006218803361446949,1.7394016357485482,0.7481960655184975,-2.4875977012670445,0.0027743026421868182,0.014493931265581532,-0.017268233907768382
-0.7310390967458749,1.1877535759607014,-0.4567144792148267,0.0029204590566431874,0.0033154004623547196,-0.0062358595189979165,1.7527392506131314,0.747554100626389,-2.5002933512395193,0.0023419612021185,0.01449172579539903,-0.016833686997517562
-0.7292795886130347,1.1885008093738467,-0.45922122076081223,0.0029225796490663985,0.003329891086375576,-0.006252470735441984,1.7664879739701638,0.7469133117907562,-2.513401285760919,0.0018881046503939486,0.014489524198559065,-0.016377628848953045
-0.7275061207979345,1.189247402584283,-0.46174128178634855,0.002924235265943976,0.003344379510751838,-0.006268614776695823,1.7806702723405425,0.7462736914147003,-2.526943963755242,0.0014112200105983964,0.01448732653761321,-0.01589854654821164
-0.7257182480683535,1.1899933567566763,-0.4642751086883227,0.002925402089087596,0.0033588657394508026,-0.006284267828538407,1.7953103963265038,0.7456352319202031,-2.540945628246706,0.000909651904695029,0.014485132875645526,-0.015394784780340587
-0.7239155000052815,1.1907386730481235,-0.46682317304284193,0.0029260545697533664,0.003373349776503129,-0.006299404346256504,1.8104345687727952,0.744997925746639,-2.5554324945194336,0.000381585491234382,0.01448294327631968,-0.014864528767554095
-0.7220973789308078,1.1914833526081694,-0.46938597367736157,0.002926165260070065,0.003387831626003442,-0.0063139968860735154,1.8260711979272624,0.7443617653492208,-2.5704329632764824,-0.00017497310679684408,0.014480757803928908,-0.014305784697132097
-0.720263357609427,1.192227396578822,-0.4719640389693949,0.0029257046235397727,0.0034023112921109868,-0.006328015915650768,1.842251119642751,0.7437267431973671,-2.5859778628401173,-0.0007622193264217693,0.014478576523449102,-0.013716357197027365
-0.7184128766915224,1.1929708060945643,-0.47455792940304176,0.002924640821417221,0.0034167887790503403,-0.006341429600467571,1.8590078734383682,0.7430928517729867,-2.602100725211354,-0.0013825761746508844,0.014476399500595344,-0.013093823325944491
-0.7165453418625503,1.1937135822823681,-0.47716824041981754,0.002922939471190471,0.0034312640911121775,-0.006354203562302658,1.8763780181881564,0.7424600835686703,-2.618838101756826,-0.0020387243703414494,0.014474226801882217,-0.012435502431540799
-0.7146601206551461,1.1944557262617017,-0.4797956056065554,0.0029205633726765387,0.0034457372326541047,-0.006366300605330652,1.8944014943739353,0.7418284310857801,-2.636229925459715,-0.0027336374051686206,0.014472058494688295,-0.011738421089519707
-0.7127565388738023,1.1951972391445396,-0.48244070027073693,0.002917472196380134,0.0034602082081015544,-0.006377680404481697,1.9131220412844254,0.7411978868324258,-2.6543199281168506,-0.00347062248738018,0.014469894647325251,-0.010999272159945103
-0.7108338765725771,1.1959381220353664,-0.4851042454627891,0.0029136221277017782,0.0034746770219487555,-0.006388299149650543,1.9325876793402794,0.7405684433213151,-2.673156122661594,-0.00425336855428843,0.014467735329112085,-0.010214366774823687
-0.7088913635151217,1.196678376031182,-0.48778701251606016,0.0029089654592715573,0.0034891436787597785,-0.006398109138031345,1.9528512699732807,0.7399400930674641,-2.6927913630407443,-0.005086002821220653,0.014465580610455036,-0.009379577789234414
-0.7069281740326306,1.1974180022215013,-0.49048982818887055,0.002903450122059337,0.0035036081831696653,-0.0064070583052290115,1.9739711683184575,0.7393128285857523,-2.7132839969042095,-0.005973157694162825,0.014463430562933845,-0.00849027286877105
-0.7049434211784849,1.1981570016883536,-0.4932135805098686,0.002897019143883232,0.003518070539885646,-0.006415089683768887,1.9960119875642044,0.7386866423883025,-2.7346986299525065,-0.006920050335219451,0.014461285259395095,-0.0075412349241756734
-0.7029361500575023,1.1988953755062781,-0.4959592254487756,0.0028896100213888984,0.0035325307536884553,-0.006422140775077362,2.0190454983812565,0.738061526981665,-2.757107025362921,-0.007932577767782951,0.014459144774053504,-0.006526567006270582
-0.7009053301817224,1.199633124742317,-0.4987277945605944,0.002881153988347666,0.003546988829433753,-0.006428142817781427,2.0431516927326494,0.7374374748637824,-2.7805891675964314,-0.009017431187958978,0.014457009182602143,-0.005439577994643195
-0.6988498466720371,1.2003702504560059,-0.5015204037839684,0.00287157515901298,0.0035614447720536597,-0.006433019931066648,2.068420048985612,0.7368144785207043,-2.805234527506316,-0.010182234174090291,0.014454878562332752,-0.00427264438824249
-0.6967684900837512,1.2011067536993587,-0.5043382636156071,0.002860789519999485,0.0035758985865584187,-0.006436688106557912,2.0949510451986675,0.7361925304230211,-2.831143575621688,-0.011435710846448592,0.01445275299226746,-0.003017042145818897
-0.6946599445816397,1.2018426355168519,-0.5071826909352118,0.002848703737320083,0.003590350278038195,-0.006439054015358286,2.1228579805741283,0.7355716230219767,-2.8584296035961048,-0.012787891850724487,0.014450632553303519,-0.0016627407025790616
-0.692522774122603,1.2025778969454026,-0.5100551228227992,0.002835213736298036,0.003604799851665026,-0.00644001358796307,2.1522691825193228,0.7349517487452136,-2.8872209312645363,-0.014250368502884385,0.014448517328372863,-0.00019814882548850762
-0.6903554062166011,1.2033125390143422,-0.5129571327977409,0.0028202030003143144,0.0036192473126949406,-0.006439450313009263,2.1833307002212132,0.7343328999920985,-2.9176636002133116,-0.015836608801834656,0.0144464074026187,0.0013902013992159274
-0.6881561127221605,1.2040465627453867,-0.5158904500232259,0.0028035405186943667,0.003633692666470263,-0.006437233185164638,2.2162096175249997,0.73371506912856,-2.9499246866535596,-0.017562353676029204,0.014444302863591737,0.0031180508124374383
-0.685922986981551,1.2047799691525996,-0.518856982171048,0.002785078292962256,0.0036481359184221238,-0.006433214211384388,2.251098161758883,0.7330982484813637,-2.984196410240247,-0.019446118356064187,0.014442203801469164,0.005003914554594995
-0.6836539163986427,1.2055127592423498,-0.5218588428437064,0.002764648281982238,0.0036625770740732013,-0.006427225356055448,2.2882188462313566,0.7324824303317283,-3.020701276563085,-0.021509833028789643,0.014440110309300166,0.007069722719489449
-0.6813465492890883,1.206244934013263,-0.5248983847241743,0.0027420586269046765,0.0036770161390407238,-0.006419074765945409,2.3278309704055156,0.7318676069081682,-3.059698577313684,-0.023779670271509967,0.014438022483282567,0.00934164778822737
-0.6789982544578317,1.206976494456166,-0.5279782399983338,0.0027170889414392186,0.003691453119039766,-0.006408542060478993,2.370238925473642,0.7312537703784207,-3.101492695852063,-0.026287126292310323,0.014435940423076221,0.011851185869234074
-0.676606071438141,1.20770744155402,-0.5311013701158783,0.002689484374320056,0.003705888019886876,-0.00639537239420694,2.4158029334166544,0.7306409128402817,-3.1464438462569366,-0.02907045208232291,0.014433864232160141,0.01463658785016274
-0.6741666485909983,1.2084377762818468,-0.5342711276908476,0.0026589480372745727,0.003720320847504086,-0.0063792688847786674,2.4649531153802684,0.7300290263111284,-3.1949821416913973,-0.032176574725509145,0.014431794018242064,0.017744780707267052
-0.6716761652073804,1.2091674996066424,-0.5374913343992611,0.0026251312248690376,0.00373475160792336,-0.006359882832792406,2.5182081906997653,0.7294181027158473,-3.247626293415613,-0.035663717537123045,0.014429729893731452,0.02123398764339156
-0.6691302322095987,1.2098966124872783,-0.5407663802776788,0.0025876206022003266,0.003749180307291549,-0.006336800909491884,2.5762007357989707,0.7288081338728043,-3.3050088696717754,-0.03960503628338501,0.014427671976290008,0.025177364307094975
-0.6665237637357824,1.2106251158743877,-0.5441013521386046,0.0025459211523022676,0.00376360695187594,-0.0063095281041782155,2.6397119287925612,0.7281991114773851,-3.367911040269947,-0.04409376558923149,0.014425620389477868,0.029668145199753592
-0.6638508083520136,1.211353010710233,-0.5475022023582186,0.0024994330710218634,0.0037780315480705046,-0.006277464619092376,2.7097203319959355,0.7275910270824746,-3.4373113590784103,-0.04925066625912168,0.014423575263519364,0.03482709099560229
-0.6611043230717906,1.2120802979285528,-0.5509759748567613,0.0024474198197840242,0.0037924541024029787,-0.006239873922187012,2.7874720033991864,0.7269838720750247,-3.5144558754742112,-0.05523507849603344,0.014421536736220151,0.04081354175981326
-0.6582758643452152,1.2128069784543831,-0.5545311141091669,0.002388962914029797,0.003806874621542945,-0.00619583753557275,2.8745840089484647,0.7263776376475339,-3.600961646595999,-0.062261812026592804,0.014419504954078852,0.047842307072513926
-0.6553551550538936,1.213533053203848,-0.5581778981499531,0.0023228961957308387,0.003821293112311137,-0.006144189308041983,2.9732021051616915,0.7257723147627728,-3.6989744199244643,-0.07062784616072708,0.014417480073652783,0.05621036608707427
-0.6523294601348918,1.2142585230839087,-0.5619290629490158,0.0022477072217083425,0.0038357095816902507,-0.0060834168033986015,3.086249968616738,0.7251678941093264,-3.811417862726064,-0.08075626171381807,0.014415462263261907,0.06634079945055614
-0.6491826551166601,1.2149833889920665,-0.5658007338754053,0.0021613836723032025,0.0038501240368376604,-0.006011507709140871,3.217840925443468,0.7245643660442949,-3.9424052914877628,-0.09327208167640366,0.014413451705152349,0.0788586299712513
-0.6458937782840048,1.2157076518159973,-0.5698138735319913,0.0020611630583555352,0.0038645364851005557,-0.005925699543456098,3.3739958715339347,0.7239617205174057,-4.0979575920513405,-0.1091411182477594,0.014411448598298916,0.09472966964946047
-0.6424346633735921,1.2164313124331014,-0.573996649059508,0.0019431014358076838,0.0038789469340342587,-0.005822048369841949,3.5639826501988994,0.7233599469670511,-4.287342597165951,-0.1299436120396941,0.014409453162117773,0.11553415887757632
-0.638765812983607,1.2171543717099316,-0.5783885587263231,0.001801275834276147,0.0038933553914247913,-0.005694631225700945,3.803043100233164,0.722759034171558,-4.525802134404723,-0.15846759861919488,0.014407465641504271,0.1440601329776906
-0.6348285771731259,1.2178768305014447,-0.5830482533283173,0.001626166238569294,0.0039077618653172675,-0.005533928103886568,4.11864145589203,0.7221589700237651,-4.840800425915796,-0.20017373537735303,0.014405486313815307,0.18576824906353773
-0.630528530071823,1.2185986896499792,-0.5880701595781548,0.0014009283635214409,0.003922166364052422,-0.0053230947275738705,4.567436470015366,0.7215597411603902,-5.288996211175757,-0.26756028526422165,0.014403515498540853,0.2531567697656808
-0.6256937042330951,1.2193199499837655,-0.5936262457506689,0.0010910456680408506,0.00393656889631435,-0.005027614564355207,5.295807750981786,0.7209613322717047,-6.016769083253491,-0.3978125109677076,0.014401553569026728,0.3834109573986808
-0.6199369145698593,1.2200406123145224,-0.6001036977446617,0.0006053033415860258,0.003950969471190476,-0.0045562728127765085,6.909041591460229,0.7203637244990757,-7.629405315959305,-0.7855761105676183,0.014399600947267374,0.7711765096203509
-0.6118756210501746,1.2207606774327635,-0.6088850563825875,-0.00048010655309438605,0.003965368098208884,-0.003485261545114505,27.683311883477913,0.7197668891780089,-28.403078772655924,-20.803009923389055,0.014397657688514991,20.788612265700543
-0.5645702908029034,1.2214801460928786,-0.6569098552899736,-0.04100071650519209,0.003979764786567506,0.03702095171862457,47.27935287776208,0.7191704245402507,-47.99852330230233,-40.49852430072665,0.014395236228617226,40.484129064498035
-0.5173169152946504,1.222199018281844,-0.7048821029871922,-0.0814771551545477,0.003994158570666118,0.07748299658388155,47.247230021841155,0.7185732007586644,-47.965803222599824,-40.47108277049012,0.014390817603764004,40.45669195288635
-0.47007583075922116,1.2229172924943958,-0.7528414617351733,-0.12194288204617235,0.004008546421775033,0.11793433562439727,47.23848451293075,0.7179737554306208,-47.956458268361374,-40.46336158964851,0.014382329114779662,40.44897926053372
-0.42283994626878896,1.2236349657927053,-0.800795019523915,-0.1624038783338447,0.004022923228895678,0.15838095510494898,47.23451496174421,0.7173707023382293,-47.95188566408245,-40.45966138120879,0.014367667501235722,40.44529371370754
-0.3756068008357328,1.2243520338990723,-0.8487452330633382,-0.2028622048085899,0.0040372817567775054,0.19882492305181235,47.23234647524344,0.716762766187688,-47.94910924143114,-40.457461782867085,0.014344678364188566,40.44311710450289
-0.3283752533183021,1.2250684913250807,-0.8966932380067772,-0.24331880189957886,0.004051612585624056,0.23926718931395477,47.23106143393398,0.7161488209553212,-47.94721025488931,-40.455983103804364,0.01431114041631963,40.44167196338804
-0.28114467796786485,1.2257843315409829,-0.9446396535731169,-0.2837741710161986,0.004065904037610145,0.2797082669785884,47.230281055842106,0.7155279322761425,-47.94580898811826,-40.45490211872114,0.014264755669073459,40.44063736305206
-0.23391469120661793,1.226499547189633,-0.9925848559830138,-0.32422860613702115,0.004080142096962202,0.32014846404005887,47.22981985293296,0.7148994042038604,-47.94471925713684,-40.45405949065007,0.014203147357295212,40.439856343292774
-0.18668503826199892,1.2272141303493906,-1.0405290920873906,-0.36468228999749874,0.004094310332324736,0.360587979665174,47.22957591153568,0.7142628301170415,-47.94383874165274,-40.45336684734126,0.014123867690579377,40.43924297965068
-0.13945553938354655,1.2279280728498672,-1.0884725334663192,-0.40513533983170363,0.004108389832343361,0.4010269499993602,47.229488239380885,0.7136181467738767,-47.943106386154774,-40.45277069108463,0.014024417688846652,40.43874627339578
-0.09222606178323715,1.2286413666429385,-1.1364153048597,-0.44558783137966795,0.004122359167702429,0.4414654722119655,47.22951771586646,0.7129656895388407,-47.94248340540531,-40.452236330117195,0.013902281343125975,40.43833404877407
-0.04499650395181362,1.2293540042289448,-1.18435750027713,-0.48603981249193795,0.004136194395029613,0.48190361809690835,47.22963766748598,0.7123062456473064,-47.9419439131333,-40.45173998560939,0.013754976031853692,40.43798500957754
0.0022332135517348084,1.2300659791342332,-1.2322991926859668,-0.5264913113508867,0.004149869119766137,0.5223414422311207,47.22982882326395,0.711641101119911,-47.941469924383874,-40.45126462518106,0.013580120395891357,40.43768450478517
0.04946315369471428,1.2307772864311848,-1.2802404401258978,-0.5669423417423001,0.004163354635821397,0.5627789871064788,47.23007644429126,0.7109720757410322,-47.9410485200323,-40.45079764759011,0.013375519623985461,40.43742212796612
0.09669336644031733,1.2314879232857152,-1.3281812897260312,-0.6073929066460669,0.004176620159014108,0.6032162864870528,47.230368614927194,0.7103015396110653,-47.94067015453827,-40.450329552498914,0.013139266270682196,40.43719028622823
0.1439238909245687,1.2321978895104067,-1.3761217804349741,-0.647843000847298,0.004189633168362761,0.6436533676789352,47.230695197982016,0.7096324044761643,-47.94032760245819,-40.449853163132815,0.012869852371518312,40.4369833107613
0.19115475683628136,1.2329071880946674,-1.4240619449309475,-0.6882926129723326,0.004202359863757145,0.6840902531085755,47.23104719503496,0.7089680836626725,-47.94001527869764,-40.44936317008355,0.012566285941454432,40.4367968841421
0.23838598531463862,1.233615825677732,-1.4720018109923694,-0.728741727187465,0.004214765740245671,0.7245269614472195,47.231416369918676,0.7083124162693206,-47.939728786188006,-40.448855862601796,0.012228202332404696,40.436627660269394
0.2856175895761187,1.234323812927206,-1.5199414025033235,-0.7691903246975362,0.004226816268421955,0.7649635084291143,47.23179505231026,0.7076695543994638,-47.939464606709734,-40.44832896437636,0.01185595894081277,40.43647300543555
0.3328495754192591,1.2350311647865309,-1.5678807402057888,-0.8096383851162178,0.004238477658127297,0.8053999074580905,47.23217606804637,0.7070438164635877,-47.93921988450997,-40.447781518858136,0.011450701029571872,40.43633081782857
0.3800819417122114,1.2357379005601332,-1.6158198422723433,-0.8500858877352524,0.004249717670481099,0.8458361700647715,47.23255275724163,0.7064395144126946,-47.93899227165433,-40.44721378663683,0.011014387506947165,40.43619939912989
0.4273146809337423,1.2364440438153563,-1.6637587247490975,-0.8905328126894914,0.00426050643314119,0.8862723062563505,47.23291904808332,0.7058607673229478,-47.93877981540627,-40.44662713015386,0.010549768645937596,40.43607736150793
0.474547779808378,1.237149622094779,-1.7116974019031561,-0.9309791419955602,0.004270817207772974,0.9267083247877874,47.233269557777554,0.7053113170363308,-47.938580874813894,-40.44602387187663,0.010060312725879776,40.43596355915076
0.5217812200492974,1.237854666449429,-1.7596358864987254,-0.9714248604332447,0.00428062705859295,0.967144233374652,47.23359969528908,0.704794362686167,-47.93839405797526,-40.44540712183238,0.009550084710265697,40.43585703712212
0.5690149791989562,1.2385592108201515,-1.8075741900191065,-1.0118699562392248,0.004289917377193505,1.0075800388620317,47.233905744763504,0.7043124294288854,-47.9382181741924,-40.44478057886456,0.00902358621658364,40.43575699264798
0.6162490315388244,1.2392632913082868,-1.85551232284711,-1.0523144215909737,0.004298674231026116,1.0480157473599478,47.23418491430701,0.703867282703957,-47.938052197010975,-40.44414831640116,0.008485570945023954,40.43566274545614
0.6634833490275701,1.2399669453855595,-1.9034502944131284,-1.092758252872027,0.004306888519083551,1.0884513643529439,47.23443534172408,0.7034598936073422,-47.93789523533144,-40.443514567213086,0.007940852414532037,40.43557371479856
0.7107179022222725,1.2406702110955015,-1.951388113317773,-1.1332014507253998,0.00431455593585518,1.128886894789545,47.23465605592951,0.7030904546534459,-47.937746510582976,-40.44288352231295,0.007394120844772813,40.43548940146818
0.757952661139429,1.2413731262948664,-1.9993257874342947,-1.173644019916653,0.004321676760773097,1.1693223431558804,47.234846898959105,0.7027584395469078,-47.93760533850603,-40.44225915710016,0.0068497835088812955,40.43540937359129
0.8051875960201906,1.2420757279745953,-2.0472633239947853,-1.2140859690396,0.004328255502872943,1.2097577135367277,47.23500841793211,0.7024626965448713,-47.93747111447699,-40.441645093901826,0.0063118385979314805,40.4353332553039
0.8524226779752934,1.242778051687956,-2.0952007296632487,-1.2545273101044565,0.004334300437968961,1.2501930096664882,47.23514173855397,0.7022015630295524,-47.93734330158353,-40.44104450525259,0.005783787599664625,40.43526071765293
0.8996578794972986,1.2434801311006545,-2.1431380105979527,-1.294968058050105,0.004339823078072273,1.2906282349720337,47.2352484318815,0.701972988975031,-47.937221420856545,-40.44046005762209,0.005268586393071026,40.43519147122902
0.9468931748390563,1.244181997665906,-2.191075172504962,-1.3354082302197006,0.0043448376107551034,1.3310633926089463,47.2353303845778,0.701774658630299,-47.937105043208106,-40.43989389158712,0.0047686314283848785,40.43512526015873
0.9941285402664543,1.2448836804179149,-2.239012220684369,-1.3758478458332792,0.004349360340929043,1.371498485492351,47.23538968042004,0.701604102310423,-47.936993782730475,-40.4393476320359,0.004285774863640797,40.43506185717225
1.0413639541998962,1.2455852058705268,-2.2869491600704226,-1.4162869254837724,0.004353409160482385,1.411933516323291,47.235428498036164,0.7014587930531898,-47.93688729108936,-40.4388224209114,0.0038213613829979213,40.435001059528396
1.0885993972625263,1.2462865980040212,-2.3348859952665473,-1.4567254906751022,0.004357003063695039,1.452368487611408,47.23544902723979,0.7013362255639197,-47.936785252803716,-40.43831896503136,0.0033762794036818183,40.43494268562767
1.1358348522543757,1.2469878783216546,-2.38282273057603,-1.497163563413835,0.004360161719289749,1.4928034016945462,47.23545340421385,0.7012339770346854,-47.93668738124855,-40.437837592326794,0.002951020145500659,40.434886572181284
1.183070304070954,1.2476890659580906,-2.430759370029044,-1.5376011658597557,0.0043629051039860405,1.5332382607557704,47.23544366428338,0.7011497509681277,-47.93659341525152,-40.43737831106982,0.002545739237672833,40.43483257183214
1.2303057395829426,1.2483901778235909,-2.478695917406533,-1.5780383200359749,0.004365253197765095,1.5736730668382104,47.23542171010067,0.7010814060794445,-47.93650311618012,-40.43694086802451,0.0021603168791161677,40.43478055114538
1.2775411474911555,1.2490912287702496,-2.5266323762614045,-1.618475047595805,0.0043672257377442725,1.6141078218580611,47.23538929264426,0.7010269727922348,-47.9364162654365,-40.436524802747655,0.0017944138447784056,40.434730388902864
1.3247765181682312,1.2497922317691754,-2.5745687499374057,-1.6589113696414703,0.004368842025454651,1.654542527616016,47.23534800237767,0.7009846599154027,-47.93633266229308,-40.43612949637214,0.0014475217232306171,40.434681974648896
1.372011843495911,1.2504931980900802,-2.6225050415859905,-1.6993473065885494,0.0043701207811907335,1.6949771858073588,47.235299268096846,0.7009528539175977,-47.93625212201445,-40.43575421407559,0.0011190066308757315,40.4346352074447
1.4192471167044252,1.2511941374770106,-2.670441254181435,-1.7397828780696216,0.004371080038716402,1.7354117980309054,47.235244361310706,0.7009301129102649,-47.93617447422098,-40.43539814107232,0.0008081462751385508,40.43458999479717
1.4664823322185325,1.2518950583159008,-2.718377390534432,-1.780218102870694,0.0043717370737410095,1.7758463657969532,47.235184404367025,0.700915157090479,-47.93609956145751,-40.43506041239388,0.0005141606600642776,40.434546251733806
1.5137174855131592,1.2525959677911915,-2.76631345330435,-1.8206529988944096,0.00437210836003653,1.816280890534373,47.23512038090285,0.7009068570340363,-47.93602723793689,-40.43474013698295,0.00023623698215941106,40.43450390000078
1.5609525729803384,1.2532968720299689,-2.814249445010306,-1.86108758314466,0.004372209547705328,1.8567153735969546,47.23505314753351,0.7009042208995258,-47.935957368433044,-40.43443641675834,-2.6450606846757e-05,40.43446286736516
1.6081875918082262,1.2539977762329906,-2.862185368041216,-1.9015218717279263,0.004372055458822836,1.8971498162691032,47.23498344598187,0.7009063813208104,-47.93588982730268,-40.43414836135238,-0.00027472565331390067,40.43442308700567
1.655422539872302,1.2546986847926105,-2.9101212246649117,-1.941955879867365,0.0043716600963987,1.937584219770966,47.234911915084815,0.7009125825330983,-47.935824497617915,-40.433875099206986,-0.0005093977718261508,40.43438449697879
1.7026574156383958,1.2553996013980566,-2.958057017036452,-1.9823896219263404,0.004371036663279184,1.978018585263061,47.2348391023004,0.7009221680945353,-47.935761270394934,-40.433615785664145,-0.0007312540854224005,40.43434703974954
1.7498922180769025,1.2561005291287994,-3.0059927472057018,-2.022823111438693,0.004370197588227856,2.018452913850465,47.234765474480746,0.7009345694254578,-47.9357000439062,-40.43336960861809,-0.0009410531596344318,40.434310661777694
1.7971269465873572,1.2568014705369077,-3.0539284171242644,-2.0632563611435764,0.004369154556959916,2.0588872065866157,47.23469142778126,0.7009492952841789,-47.93564072306543,-40.433135792220845,-0.0011395209309233002,40.434275313151744
1.844361600932465,1.2575024277193678,-3.101864028651833,-2.1036893830231347,0.00436791854636601,2.099321464476768,47.234617296651884,0.7009659222243954,-47.935583218876275,-40.432913599058246,-0.001327348206069536,40.434240947264286
1.8915961811806608,1.2582034023813564,-3.149799583562017,-2.1441221883416928,0.0043664998605477765,2.139755688481144,47.23454336190832,0.7009840860285453,-47.93552744793686,-40.432702331143446,-0.001505189379803903,40.43420752052322
1.9388306876562815,1.258904395891425,-3.1977350835477063,-2.1845547876854217,0.004364908167606402,2.1801898795178145,47.23446985791541,0.701003474078175,-47.93547333199358,-40.43250133001297,-0.0016736620812473823,40.43417499209419
1.9860651208964917,1.2596054093295128,-3.245670530226004,-2.224987191001719,0.004363152536385282,2.2206240384653326,47.234396978936196,0.7010238186020304,-47.93542079753822,-40.43230997615552,-0.001833347514740557,40.434143323670234
2.033299481614154,1.260306443528629,-3.2936059251427827,-2.265419407637733,0.00436124147257692,2.2610581661651548,47.234324884712024,0.7010448907315631,-47.935369775443576,-40.43212768795792,-0.0019847913074328167,40.43411247926532
2.0805337706659155,1.261007499110976,-3.341541269776891,-2.305851446377635,0.004359182953770416,2.3014922634238633,47.23425370534408,0.7010664952890264,-47.9353202006331,-40.43195392031372,-0.0021285047151213127,40.434082425028805
2.127767989024842,1.2617085765192073,-3.3894765655440486,-2.3462833154783604,0.004356984463146678,2.3419263310152125,47.234183545547644,0.7010884662332451,-47.93527201178088,-40.431788163008235,-0.0022649660700816117,40.43405312907828
2.175002137757011,1.2624096760434427,-3.437411813800453,-2.386715022703651,0.004354653021630252,2.38236036968202,47.23411448834781,0.7011106626908872,-47.935225151038686,-40.431629938967866,-0.0023946223809118046,40.43402456134874
2.2222362180015374,1.263110797844589,-3.4853470158461257,-2.427146575356296,0.004352195218384854,2.42279438013791,47.234046598281545,0.7011329655055547,-47.935179563787095,-40.43147880244053,-0.0025178910156088683,40.4339966934561
2.2694702309535737,1.2638119419744536,-3.533282172928027,-2.4675779803085325,0.004349617239599035,2.463228363068932,47.23397992416589,0.7011552742424196,-47.935135198408304,-40.43133433715746,-0.002635161416038826,40.43396949857346
2.316704177849869,1.2645131083930738,-3.5812172862429423,-2.508009244030611,0.004346924895552777,2.503662319135057,47.23391450148639,0.7011775045919353,-47.93509200607832,-40.43119615451337,-0.0027467968053909958,40.43394295131873
2.3639380599565465,1.2652142969836375,-3.629152356940183,-2.5484403726175593,0.004344123645988253,2.5440962489715693,47.23385035445467,0.7011995861219712,-47.93504994057663,-40.43106389179162,-0.002853135860764191,40.43391702765235
2.4111718785587786,1.2659155075653177,-3.6770873861240956,-2.5888713718141947,0.004341218623831249,2.5845301531903613,47.23378749777824,0.7012214603333301,-47.93500895811157,-40.43093721045282,-0.00295449433126561,40.43389170478405
2.4584056349521033,1.266616739904304,-3.7250223748564064,-2.6293022470384653,0.0043382146573257225,2.624964032381137,47.23372593818099,0.7012430789788604,-47.934969017159844,-40.430815794499324,-0.003051166588368625,40.433866961087666
2.505639330435141,1.2673179937232752,-3.7729573241584156,-2.669733003403193,0.004335116290654512,2.6653978871125363,47.23366567570779,0.7012644026112093,-47.934930078319,-40.43069934892305,-0.00314342710015141,40.43384277602317
2.552872966303519,1.2680192687095264,-3.8208922350130448,-2.710163645736311,0.00433192780312542,2.7058317179331834,47.23360670484274,0.701285399328635,-47.934892104171375,-40.43058759824057,-0.003231531824733367,40.433819130065274
2.6001065438448263,1.2687205645219326,-3.8688271083667587,-2.750594178599674,0.004328653227005044,2.746265525372667,47.233549015466494,0.7013060436922138,-47.93485505915871,-40.43048028511687,-0.0033157195209910896,40.433796004637834
2.647340064334452,1.2694218807969109,-3.9167619451313627,-2.7910246063065447,0.004325296364083437,2.786699309942459,47.23349259367498,0.7013263157912553,-47.93481890946624,-40.4303771690769,-0.003396212976671963,40.433773382053545
2.6945735290321764,1.2701232171535153,-3.9646967461856915,-2.8314549329378282,0.004321860801051701,2.827133072136774,47.2334374224788,0.701346200436806,-47.9347836229156,-40.43027802530296,-0.0034732201554929423,40.433751245458424
2.7418069391794098,1.2708245731977847,-4.012631512377195,-2.871885162357151,0.004318349923772452,2.8675668124333757,47.23338348239984,0.7013656864658127,-47.93474916886564,-40.43018264351481,-0.0035469352658431684,40.43372957878063
2.7890402959969762,1.271525948526447,-4.060566244523423,-2.912315298224858,0.004314766930520015,2.908000531294335,47.233330751979594,0.7013847661408653,-47.93471551812045,-40.430090826928755,-0.0036175397544037278,40.433708366683135
2.8362736006833686,1.2722273427300663,-4.108500943413436,-2.9527453440110087,0.004311114844263645,2.9484342291667422,47.233279208211606,0.7014034346324858,-47.93468264284408,-40.43000239129163,-0.0036852032284364063,40.43368759452004
2.8835068544133993,1.2729287553957118,-4.156435609809112,-2.9931753030074417,0.0043073965240631425,2.9888679064833754,47.23322882690862,0.7014216895727041,-47.93465051648131,-40.429917163985365,-0.0037500843107387896,40.433667248296075
2.9307400583371863,1.2736301861092116,-4.204370244446398,-3.0336051783389797,0.004303614675642168,3.029301563663334,47.2331795830138,0.7014395306702035,-47.934619113683986,-40.42983498319773,-0.003812331431364793,40.43364731462907
2.977973213579427,1.274331634457052,-4.252304848036479,-3.074034972973837,0.004299771861200414,3.0697352011126333,47.233131450863794,0.7014569593786444,-47.93458841024243,-40.42975569715491,-0.003872083560206033,40.43362778071509
3.0252063212389135,1.2750331000279689,-4.300239421266882,-3.11446468973329,0.004295870508521756,3.1101688192247643,47.23308440441064,0.7014739786109309,-47.93455838302155,-40.42967916341167,-0.003929470884450023,40.43360863429609
3.072439382388248,1.2757345824142738,-4.3481739648025215,-3.154894331300661,0.004291912919431514,3.1506024183812253,47.23303841740819,0.7014905924931707,-47.93452900990134,-40.429605248194996,-0.003984615434798795,40.43358986362976
3.1196723980737295,1.2764360812129552,-4.396108479286685,-3.1953239002296803,0.004287901277652158,3.1910359989520236,47.232993463568285,0.7015068061529401,-47.934500269721205,-40.42953382579734,-0.004037631664163721,40.433571457461476
3.1669053693153844,1.2771375960265798,-4.444042965341964,-3.235753398952256,0.004283837656103186,3.2314695612961484,47.232949516690894,0.7015226255371998,-47.934472142228074,-40.42946477801578,-0.004088626982362159,40.43355340499811
3.214138297107111,1.2778391264640296,-4.491977423571141,-3.2761828297857116,0.004279724023687434,3.27190310576202,47.23290655077201,0.7015380572558446,-47.93444460802783,-40.429397993633515,-0.004137702250139081,40.43353569588363
3.261371182416928,1.2785406721410917,-4.53991185455802,-3.316612194939523,0.004275562251602909,3.312336632687916,47.232864540092486,0.7015531084474198,-47.934417648539885,-40.42933336794065,-0.004184952235629448,40.433518320176255
3.3086040261872958,1.2792422326809245,-4.58784625886822,-3.3570414965215933,0.004271354119216176,3.352770142402373,47.23282345929063,0.7015677866640051,-47.93439124595461,-40.429270802290986,-0.004230466036170033,40.43350126832713
3.355836829335509,1.2799438077144196,-4.635780637049928,-3.397470736544105,0.004267101319530569,3.3932036352245705,47.23278328342084,0.7015820997726783,-47.93436538319349,-40.42921020369217,-0.0042743274681666865,40.43348453116031
3.4030695927541377,1.2806453968804699,-4.683714989634606,-3.4378999169289775,0.0042628054642798435,3.4336371114646935,47.23274398800041,0.7015960558713187,-47.9343400438717,-40.42915148442656,-0.004316615427527223,40.43346809985406
3.45030231731151,1.2813469998261624,-4.731649317137672,-3.478329039512958,0.004258468088675515,3.4740705714242783,47.23270554904622,0.7016096632168145,-47.93431521226301,-40.42909456170032,-0.004357404222983058,40.433451965923275
3.49753500385223,1.2820486162069038,-4.779583620059133,-3.5187581060523776,0.004254090655833877,3.5145040153965397,47.23266794310284,0.7016229301639991,-47.93429087326681,-40.42903935731856,-0.004396763884445498,40.43343612120298
3.5447676531977157,1.2827502456864905,-4.827517898884205,-3.5591871182275945,0.004249674560906624,3.554937443666684,47.232631147263284,0.7016358651138651,-47.93426701237712,-40.42898579738451,-0.004434760448375829,40.43342055783287
3.5920002661467567,1.2834518879371317,-4.875452154083887,-3.599616077647146,0.004245221134937126,3.595370856512205,47.232595139183644,0.7016484764698016,-47.93424361565342,-40.42893381202073,-0.004471456221992229,40.4334052682427
3.639232843476083,1.2841535426394302,-4.923386386115512,-3.6400449858516355,0.00424073164846264,3.635804254203169,47.232559897092486,0.7016607726007662,-47.934220669693225,-40.42888333511066,-0.004506910027991082,40.43339024513863
